ssmis_150h_mean,ssmis_150h_std,ssmis_150h_min,ssmis_150h_max,ssmis_183_1_mean,ssmis_183_1_std,ssmis_183_1_min,ssmis_183_1_max,ssmis_183_3_mean,ssmis_183_3_std,ssmis_183_3_min,ssmis_183_3_max,ssmis_183_7_mean,ssmis_183_7_std,ssmis_183_7_min,ssmis_183_7_max,ssmis_19h_mean,ssmis_19h_std,ssmis_19h_min,ssmis_19h_max,ssmis_19v_mean,ssmis_19v_std,ssmis_19v_min,ssmis_19v_max,ssmis_22v_mean,ssmis_22v_std,ssmis_22v_min,ssmis_22v_max,ssmis_37h_mean,ssmis_37h_std,ssmis_37h_min,ssmis_37h_max,ssmis_37v_mean,ssmis_37v_std,ssmis_37v_min,ssmis_37v_max,ssmis_91h_mean,ssmis_91h_std,ssmis_91h_min,ssmis_91h_max,ssmis_91v_mean,ssmis_91v_std,ssmis_91v_min,ssmis_91v_max,filename,amsre_10h_mean,amsre_10h_std,amsre_10h_min,amsre_10h_max,amsre_10v_mean,amsre_10v_std,amsre_10v_min,amsre_10v_max,amsre_18h_mean,amsre_18h_std,amsre_18h_min,amsre_18h_max,amsre_18v_mean,amsre_18v_std,amsre_18v_min,amsre_18v_max,amsre_23h_mean,amsre_23h_std,amsre_23h_min,amsre_23h_max,amsre_23v_mean,amsre_23v_std,amsre_23v_min,amsre_23v_max,amsre_36h_mean,amsre_36h_std,amsre_36h_min,amsre_36h_max,amsre_36v_mean,amsre_36v_std,amsre_36v_min,amsre_36v_max,amsre_6h_mean,amsre_6h_std,amsre_6h_min,amsre_6h_max,amsre_6v_mean,amsre_6v_std,amsre_6v_min,amsre_6v_max,amsre_89h_mean,amsre_89h_std,amsre_89h_min,amsre_89h_max,amsre_89v_mean,amsre_89v_std,amsre_89v_min,amsre_89v_max,date_mean,date_std,date_min,date_max,lat_hi_mean,lat_hi_std,lat_hi_min,lat_hi_max,lat_lo_mean,lat_lo_std,lat_lo_min,lat_lo_max,lon_hi_mean,lon_hi_std,lon_hi_min,lon_hi_max,lon_lo_mean,lon_lo_std,lon_lo_min,lon_lo_max,time_mean,time_std,time_min,time_max,RI_mean,RI_std,RI_min,RI_max,RAIN_INDICATOR_USABILITY_mean,RAIN_INDICATOR_USABILITY_std,RAIN_INDICATOR_USABILITY_min,RAIN_INDICATOR_USABILITY_max,RI_emi_mean,RI_emi_std,RI_emi_min,RI_emi_max,RI_scat_mean,RI_scat_std,RI_scat_min,RI_scat_max,PD_18_mean,PD_18_std,PD_18_min,PD_18_max,PD_36_mean,PD_36_std,PD_36_min,PD_36_max,PD_89_mean,PD_89_std,PD_89_min,PD_89_max,PCT_mean,PCT_std,PCT_min,PCT_max,tc_winds
271.24062133891215,23.271601352592487,105.78,292.14,241.62350557880058,11.548277916487821,129.17000000000002,269.61,253.729269874477,15.26604827528851,114.82000000000001,280.99,259.7655516039051,19.65091138595634,105.83,288.18,214.81793351929335,46.27210991198059,120.59,283.8,245.52988842398887,25.755861853750588,191.74,284.81,267.6789139934914,12.816342536125337,211.72,289.85,225.19752487215248,40.442613064261316,139.63,282.26,251.02543235704323,20.412932047614433,206.39000000000001,281.47,268.1941606229661,15.185112149711141,130.02,287.77,276.412509995351,12.142449500374584,132.39000000000001,289.36,SSMIS_F17_L1B_BRIGHTNESS_20101030_2216.nc,163.85380623323363,75.38484223921866,86.71000000000001,326.40000000000003,216.7452347645332,41.22081264730257,172.69,315.26,203.75886276492648,55.322299411642646,109.67000000000002,285.27,239.6991328529895,29.595654414922276,187.29,285.64,244.02296703605384,28.98695125049451,142.88,285.06,262.23144805404576,15.249995860599629,207.07999999999998,285.97,221.42466382954817,43.043596789282525,133.44,282.79,250.4803942471102,20.899756184885735,206.85000000000002,283.67,156.26896922709588,78.38629240289777,82.47,298.71000000000004,212.92427716681416,44.11916895209023,169.55,325.98,267.53694089804634,16.839797936314756,125.33,289.47,275.86244069439175,13.65017410190207,127.38000000000001,292.54,40480.0,0.0,40480.0,40480.0,7.630654883753649,7.843656541512782,-7.69,25.41,7.596777904184047,7.858323041688249,-7.69,25.330000000000002,110.51582075903063,5.076480054563814,101.0,121.81,110.53090689475977,5.123596708654569,101.0,121.83,65906.336,126.86324,65687.35,66125.32,,,,,,,,,,,,,,,,,,,,,,,,,,,,,,,,,20.0
271.24062133891215,23.271601352592487,105.78,292.14,241.62350557880058,11.548277916487821,129.17000000000002,269.61,253.729269874477,15.26604827528851,114.82000000000001,280.99,259.7655516039051,19.65091138595634,105.83,288.18,214.81793351929335,46.27210991198059,120.59,283.8,245.52988842398887,25.755861853750588,191.74,284.81,267.6789139934914,12.816342536125337,211.72,289.85,225.19752487215248,40.442613064261316,139.63,282.26,251.02543235704323,20.412932047614433,206.39000000000001,281.47,268.1941606229661,15.185112149711141,130.02,287.77,276.412509995351,12.142449500374584,132.39000000000001,289.36,SSMIS_F17_L1B_BRIGHTNESS_20101030_2216.nc,163.85380623323363,75.38484223921866,86.71000000000001,326.40000000000003,216.7452347645332,41.22081264730257,172.69,315.26,203.75886276492648,55.322299411642646,109.67000000000002,285.27,239.6991328529895,29.595654414922276,187.29,285.64,244.02296703605384,28.98695125049451,142.88,285.06,262.23144805404576,15.249995860599629,207.07999999999998,285.97,221.42466382954817,43.043596789282525,133.44,282.79,250.4803942471102,20.899756184885735,206.85000000000002,283.67,156.26896922709588,78.38629240289777,82.47,298.71000000000004,212.92427716681416,44.11916895209023,169.55,325.98,267.53694089804634,16.839797936314756,125.33,289.47,275.86244069439175,13.65017410190207,127.38000000000001,292.54,40480.0,0.0,40480.0,40480.0,7.630654883753649,7.843656541512782,-7.69,25.41,7.596777904184047,7.858323041688249,-7.69,25.330000000000002,110.51582075903063,5.076480054563814,101.0,121.81,110.53090689475977,5.123596708654569,101.0,121.83,65906.336,126.86324,65687.35,66125.32,,,,,,,,,,,,,,,,,,,,,,,,,,,,,,,,,20.0
270.4994934913994,23.29316094475602,120.26,291.26,242.88539237563927,11.514515211664923,137.41,271.0,254.23859158530917,15.533350905321164,120.43,282.47,260.9288554160855,20.266817401673197,116.26,288.06,209.23363830776387,44.44103271390197,119.66,283.46,242.88939888423988,24.366635600824623,192.37,285.14,266.4443272896327,12.621318149377089,211.91,288.5,220.71897257089728,39.623599090631714,139.75,283.08,249.01366201766615,20.303875847773217,205.8,282.88,267.7067640632264,15.6902529016798,155.94,295.85,274.78588284518827,12.051975034634829,156.25,287.59000000000003,SSMIS_F16_L1B_BRIGHTNESS_20101030_2326 (1).nc,156.63623326637543,74.57574229594556,87.80000000000001,353.95,214.5318157173959,41.65261015359514,176.02,360.1,199.9363000884844,53.922052135927686,126.03,289.25,239.52335580555908,29.413063686278942,200.53,302.0,245.19672677987052,25.566969257939427,186.63,288.98,263.99853663675054,13.747627189894443,234.66000000000003,289.51,220.02844520288207,42.88023824290718,148.99,287.55,251.6180888776528,21.129090814313273,218.89,289.6,148.9379745502044,77.22588149767186,82.0,295.2,210.7921610461115,44.7611603865228,172.20000000000002,350.8,270.0862206632116,13.872730837297384,139.22,294.38,277.837922442731,11.66841524844494,141.72,296.98,40481.0,0.0,40481.0,40481.0,3.8158395413457136,7.843221137748403,-13.98,19.16,3.84395721850026,7.8603590073661875,-13.98,19.16,102.51462505715594,5.025112634892492,92.88,113.22,102.49386381831206,5.068362630584265,92.88,113.23,24198.643,126.86289,23979.658,24417.629,,,,,,,,,,,,,,,,,,,,,,,,,,,,,,,,,20.0
270.4994934913994,23.29316094475602,120.26,291.26,242.88539237563927,11.514515211664923,137.41,271.0,254.23859158530917,15.533350905321164,120.43,282.47,260.9288554160855,20.266817401673197,116.26,288.06,209.23363830776387,44.44103271390197,119.66,283.46,242.88939888423988,24.366635600824623,192.37,285.14,266.4443272896327,12.621318149377089,211.91,288.5,220.71897257089728,39.623599090631714,139.75,283.08,249.01366201766615,20.303875847773217,205.8,282.88,267.7067640632264,15.6902529016798,155.94,295.85,274.78588284518827,12.051975034634829,156.25,287.59000000000003,SSMIS_F16_L1B_BRIGHTNESS_20101030_2326 (1).nc,156.63623326637543,74.57574229594556,87.80000000000001,353.95,214.5318157173959,41.65261015359514,176.02,360.1,199.9363000884844,53.922052135927686,126.03,289.25,239.52335580555908,29.413063686278942,200.53,302.0,245.19672677987052,25.566969257939427,186.63,288.98,263.99853663675054,13.747627189894443,234.66000000000003,289.51,220.02844520288207,42.88023824290718,148.99,287.55,251.6180888776528,21.129090814313273,218.89,289.6,148.9379745502044,77.22588149767186,82.0,295.2,210.7921610461115,44.7611603865228,172.20000000000002,350.8,270.0862206632116,13.872730837297384,139.22,294.38,277.837922442731,11.66841524844494,141.72,296.98,40481.0,0.0,40481.0,40481.0,3.8158395413457136,7.843221137748403,-13.98,19.16,3.84395721850026,7.8603590073661875,-13.98,19.16,102.51462505715594,5.025112634892492,92.88,113.22,102.49386381831206,5.068362630584265,92.88,113.23,24198.643,126.86289,23979.658,24417.629,,,,,,,,,,,,,,,,,,,,,,,,,,,,,,,,,25.0
270.4994934913994,23.29316094475602,120.26,291.26,242.88539237563927,11.514515211664923,137.41,271.0,254.23859158530917,15.533350905321164,120.43,282.47,260.9288554160855,20.266817401673197,116.26,288.06,209.23363830776387,44.44103271390197,119.66,283.46,242.88939888423988,24.366635600824623,192.37,285.14,266.4443272896327,12.621318149377089,211.91,288.5,220.71897257089728,39.623599090631714,139.75,283.08,249.01366201766615,20.303875847773217,205.8,282.88,267.7067640632264,15.6902529016798,155.94,295.85,274.78588284518827,12.051975034634829,156.25,287.59000000000003,SSMIS_F16_L1B_BRIGHTNESS_20101030_2326 (1).nc,167.63920411287944,76.15151023459673,84.14000000000001,352.96000000000004,218.87987738247398,41.320636909216844,171.45000000000002,354.23,205.17114804983217,55.504892377902436,104.47,284.27,240.5590473180803,29.200732587360346,185.84,297.72,244.22188275116227,28.608770103597717,135.15,284.61,262.4414966502339,14.675559808998129,205.65,285.67,221.9067965842217,43.338673344430234,131.01,282.09000000000003,251.01595078582565,20.488430783062732,207.54000000000002,283.87,161.11983004901893,79.13435327231726,81.66,329.38,215.67495489419105,44.26244430887851,169.14000000000001,360.11,268.39148745066643,15.642630590816532,123.23,290.22,277.01557269062766,11.236493120894778,127.31,292.45,40481.0,0.0,40481.0,40481.0,9.12529422109669,7.840393966930199,-6.18,26.91,9.091335412014214,7.855007707796227,-6.18,26.82,100.02703777566741,5.100122143429005,90.51,111.44,100.04211056335062,5.14734673815103,90.51,111.46000000000001,68477.0,126.86275,68258.01,68695.98,,,,,,,,,,,,,,,,,,,,,,,,,,,,,,,,,55.0
270.4994934913994,23.29316094475602,120.26,291.26,242.88539237563927,11.514515211664923,137.41,271.0,254.23859158530917,15.533350905321164,120.43,282.47,260.9288554160855,20.266817401673197,116.26,288.06,209.23363830776387,44.44103271390197,119.66,283.46,242.88939888423988,24.366635600824623,192.37,285.14,266.4443272896327,12.621318149377089,211.91,288.5,220.71897257089728,39.623599090631714,139.75,283.08,249.01366201766615,20.303875847773217,205.8,282.88,267.7067640632264,15.6902529016798,155.94,295.85,274.78588284518827,12.051975034634829,156.25,287.59000000000003,SSMIS_F16_L1B_BRIGHTNESS_20101030_2326 (1).nc,167.63920411287944,76.15151023459673,84.14000000000001,352.96000000000004,218.87987738247398,41.320636909216844,171.45000000000002,354.23,205.17114804983217,55.504892377902436,104.47,284.27,240.5590473180803,29.200732587360346,185.84,297.72,244.22188275116227,28.608770103597717,135.15,284.61,262.4414966502339,14.675559808998129,205.65,285.67,221.9067965842217,43.338673344430234,131.01,282.09000000000003,251.01595078582565,20.488430783062732,207.54000000000002,283.87,161.11983004901893,79.13435327231726,81.66,329.38,215.67495489419105,44.26244430887851,169.14000000000001,360.11,268.39148745066643,15.642630590816532,123.23,290.22,277.01557269062766,11.236493120894778,127.31,292.45,40481.0,0.0,40481.0,40481.0,9.12529422109669,7.840393966930199,-6.18,26.91,9.091335412014214,7.855007707796227,-6.18,26.82,100.02703777566741,5.100122143429005,90.51,111.44,100.04211056335062,5.14734673815103,90.51,111.46000000000001,68477.0,126.86275,68258.01,68695.98,,,,,,,,,,,,,,,,,,,,,,,,,,,,,,,,,55.0
270.1486069270107,22.124614518077532,132.51,291.82,242.96648535564853,9.26444412028454,163.79,274.28000000000003,254.65455346350535,12.774574342819202,144.12,282.98,261.34552905625293,17.560979639954393,131.65,288.21,204.55808693630865,43.30210380508033,144.27,280.48,240.22543979544398,23.035867013328723,208.54,283.65000000000003,265.99150023245,8.863948025678473,245.66,285.5,217.44763133426318,38.69720167074462,158.9,280.62,247.27199628079967,19.011309803885354,219.0,282.34000000000003,266.2965669456067,11.641837318581025,174.46,288.89,273.5295516039052,10.52641477172139,175.65,287.65000000000003,SSMIS_F16_L1B_BRIGHTNESS_20101102_0041.nc,175.80155146253057,81.68008947180803,85.27000000000001,362.31,225.26214964954417,45.551395073970795,172.59,356.75,211.94978524979285,58.970786102463954,106.33000000000001,292.44,246.2198792117867,32.12331038188447,187.34,319.3,250.1928792539221,28.99195540252905,138.41,290.57,266.93233149341984,15.652660937927845,205.94,291.44,228.07849337771597,46.714590612681214,132.45,289.51,256.00707903200885,23.096691158324916,207.57,290.79,169.48952372257648,84.48273271220876,82.25,318.62,222.17144889675416,48.38319953064319,170.01,339.85,272.2743860868832,15.070471213100134,125.12,297.3,279.6167558533125,11.309126586604378,127.92,298.46,40483.0,0.0,40483.0,40483.0,7.844089690830432,7.847268082731441,-9.96,23.2,7.871988791977415,7.8644310412135745,-9.96,23.2,104.7342491998171,5.054170743927862,94.94,115.34,104.71343642466888,5.09776997616581,94.94,115.35000000000001,23523.377,126.8626,23304.39,23742.36,,,,,,,,,,,,,,,,,,,,,,,,,,,,,,,,,45.0
270.1486069270107,22.124614518077532,132.51,291.82,242.96648535564853,9.26444412028454,163.79,274.28000000000003,254.65455346350535,12.774574342819202,144.12,282.98,261.34552905625293,17.560979639954393,131.65,288.21,204.55808693630865,43.30210380508033,144.27,280.48,240.22543979544398,23.035867013328723,208.54,283.65000000000003,265.99150023245,8.863948025678473,245.66,285.5,217.44763133426318,38.69720167074462,158.9,280.62,247.27199628079967,19.011309803885354,219.0,282.34000000000003,266.2965669456067,11.641837318581025,174.46,288.89,273.5295516039052,10.52641477172139,175.65,287.65000000000003,SSMIS_F16_L1B_BRIGHTNESS_20101102_0041.nc,175.80155146253057,81.68008947180803,85.27000000000001,362.31,225.26214964954417,45.551395073970795,172.59,356.75,211.94978524979285,58.970786102463954,106.33000000000001,292.44,246.2198792117867,32.12331038188447,187.34,319.3,250.1928792539221,28.99195540252905,138.41,290.57,266.93233149341984,15.652660937927845,205.94,291.44,228.07849337771597,46.714590612681214,132.45,289.51,256.00707903200885,23.096691158324916,207.57,290.79,169.48952372257648,84.48273271220876,82.25,318.62,222.17144889675416,48.38319953064319,170.01,339.85,272.2743860868832,15.070471213100134,125.12,297.3,279.6167558533125,11.309126586604378,127.92,298.46,40483.0,0.0,40483.0,40483.0,7.844089690830432,7.847268082731441,-9.96,23.2,7.871988791977415,7.8644310412135745,-9.96,23.2,104.7342491998171,5.054170743927862,94.94,115.34,104.71343642466888,5.09776997616581,94.94,115.35000000000001,23523.377,126.8626,23304.39,23742.36,,,,,,,,,,,,,,,,,,,,,,,,,,,,,,,,,30.0
272.23141562064154,21.152459717954358,113.66,295.48,240.17667456996747,8.507655935567163,140.53,271.75,252.8786469084147,12.802143243989343,122.58,280.85,259.69583658763366,17.324795597533292,115.85000000000001,286.91,207.67045792654582,45.24231127374561,142.49,282.67,241.71510646211067,24.45995371380263,207.06,284.61,266.89919711761974,9.63847237470762,232.02,284.90000000000003,218.77485076708513,40.09367126995083,157.06,283.13,248.06844723384475,19.480997818121665,217.91,282.63,267.5363914458392,11.992643142357574,149.96,287.58,276.306509762901,10.39265639129498,151.20000000000002,289.69,SSMIS_F17_L1B_BRIGHTNESS_20101102_2319.nc,161.24517037474016,74.60550894501779,85.84,361.05,215.43468159217957,40.444440510830454,172.29,360.9,203.34805306254302,53.06024795422543,108.56,285.87,239.72624952597653,27.858397769333376,187.6,296.58,245.8321931487802,25.69076642681535,143.33,285.42,263.3161632888103,13.238131946360713,208.46,285.9,222.2420525569179,41.23849319870949,133.59,282.8,251.39174033343164,19.506564452232517,207.86,284.19,153.54064396971867,77.51856195794913,82.07,288.24,211.31366522001713,43.29585255222874,169.31,292.53000000000003,269.9090313768452,14.632234368866666,105.27,290.06,277.4141993567325,11.179141864055282,107.65,291.57,40483.0,0.0,40483.0,40483.0,8.797600752699518,7.841063575664549,-6.51,26.580000000000002,8.763624348656583,7.855661027056122,-6.51,26.490000000000002,103.04622412155746,5.094771004655722,93.53,114.43,103.06128864169442,5.141993704581406,93.53,114.46000000000001,67740.23,126.86273,67521.24,67959.21,,,,,,,,,,,,,,,,,,,,,,,,,,,,,,,,,30.0
272.23141562064154,21.152459717954358,113.66,295.48,240.17667456996747,8.507655935567163,140.53,271.75,252.8786469084147,12.802143243989343,122.58,280.85,259.69583658763366,17.324795597533292,115.85000000000001,286.91,207.67045792654582,45.24231127374561,142.49,282.67,241.71510646211067,24.45995371380263,207.06,284.61,266.89919711761974,9.63847237470762,232.02,284.90000000000003,218.77485076708513,40.09367126995083,157.06,283.13,248.06844723384475,19.480997818121665,217.91,282.63,267.5363914458392,11.992643142357574,149.96,287.58,276.306509762901,10.39265639129498,151.20000000000002,289.69,SSMIS_F17_L1B_BRIGHTNESS_20101102_2319.nc,161.24517037474016,74.60550894501779,85.84,361.05,215.43468159217957,40.444440510830454,172.29,360.9,203.34805306254302,53.06024795422543,108.56,285.87,239.72624952597653,27.858397769333376,187.6,296.58,245.8321931487802,25.69076642681535,143.33,285.42,263.3161632888103,13.238131946360713,208.46,285.9,222.2420525569179,41.23849319870949,133.59,282.8,251.39174033343164,19.506564452232517,207.86,284.19,153.54064396971867,77.51856195794913,82.07,288.24,211.31366522001713,43.29585255222874,169.31,292.53000000000003,269.9090313768452,14.632234368866666,105.27,290.06,277.4141993567325,11.179141864055282,107.65,291.57,40483.0,0.0,40483.0,40483.0,8.797600752699518,7.841063575664549,-6.51,26.580000000000002,8.763624348656583,7.855661027056122,-6.51,26.490000000000002,103.04622412155746,5.094771004655722,93.53,114.43,103.06128864169442,5.141993704581406,93.53,114.46000000000001,67740.23,126.86273,67521.24,67959.21,,,,,,,,,,,,,,,,,,,,,,,,,,,,,,,,,30.0
271.49859321245935,21.24152125183313,114.34,292.08,241.97593375174338,8.491697594039668,139.81,272.7,253.8171157601116,12.83947287935531,121.10000000000001,282.06,261.2883182240818,17.677338362074188,115.7,287.12,209.9606192468619,46.31293039883131,124.22,283.16,243.46471873547185,25.16979480244948,193.65,285.76,267.2518665736867,11.006518766967128,213.08,285.91,221.73013900511387,41.01578111052135,144.79,283.18,249.7216927010693,20.815752246185063,208.03,284.19,267.84384635053465,13.595517774870324,148.81,290.42,274.8636336587634,10.746585695654725,153.49,287.53000000000003,SSMIS_F16_L1B_BRIGHTNESS_20101103_0029.nc,135.52785912999494,68.58023983120559,84.88,366.26,202.78298891589284,38.31634139936877,175.08,357.7,182.6080666863299,51.80956282044631,118.78999999999999,296.75,230.2607523982078,28.211686045623857,196.52,304.83,235.39020674447676,27.340473002446064,170.69,290.54,259.04659601960697,14.562644583179912,224.93,291.92,205.44246506271156,42.83733990802097,143.89000000000001,289.39,244.77140325004567,21.001228677106855,215.89,291.31,127.61954732510289,70.06499426298464,81.58000000000001,314.24,198.2174860601975,40.48388457641675,171.5,304.55,267.8964537423278,13.24439422145499,136.42000000000002,296.72,278.32045077880304,9.60823693453476,136.91,299.21,40484.0,0.0,40484.0,40484.0,6.26352446273434,7.845886725308656,-11.540000000000001,21.61,6.29141869970084,7.86310384848199,-11.540000000000001,21.61,94.26193144806726,5.039285641566586,84.54,104.9,94.24113231927416,5.082743071874159,84.54,104.91,26092.535,126.862885,25873.553,26311.52,,,,,,,,,,,,,,,,,,,,,,,,,,,,,,,,,30.0
271.49859321245935,21.24152125183313,114.34,292.08,241.97593375174338,8.491697594039668,139.81,272.7,253.8171157601116,12.83947287935531,121.10000000000001,282.06,261.2883182240818,17.677338362074188,115.7,287.12,209.9606192468619,46.31293039883131,124.22,283.16,243.46471873547185,25.16979480244948,193.65,285.76,267.2518665736867,11.006518766967128,213.08,285.91,221.73013900511387,41.01578111052135,144.79,283.18,249.7216927010693,20.815752246185063,208.03,284.19,267.84384635053465,13.595517774870324,148.81,290.42,274.8636336587634,10.746585695654725,153.49,287.53000000000003,SSMIS_F16_L1B_BRIGHTNESS_20101103_0029.nc,135.52785912999494,68.58023983120559,84.88,366.26,202.78298891589284,38.31634139936877,175.08,357.7,182.6080666863299,51.80956282044631,118.78999999999999,296.75,230.2607523982078,28.211686045623857,196.52,304.83,235.39020674447676,27.340473002446064,170.69,290.54,259.04659601960697,14.562644583179912,224.93,291.92,205.44246506271156,42.83733990802097,143.89000000000001,289.39,244.77140325004567,21.001228677106855,215.89,291.31,127.61954732510289,70.06499426298464,81.58000000000001,314.24,198.2174860601975,40.48388457641675,171.5,304.55,267.8964537423278,13.24439422145499,136.42000000000002,296.72,278.32045077880304,9.60823693453476,136.91,299.21,40484.0,0.0,40484.0,40484.0,6.26352446273434,7.845886725308656,-11.540000000000001,21.61,6.29141869970084,7.86310384848199,-11.540000000000001,21.61,94.26193144806726,5.039285641566586,84.54,104.9,94.24113231927416,5.082743071874159,84.54,104.91,26092.535,126.862885,25873.553,26311.52,,,,,,,,,,,,,,,,,,,,,,,,,,,,,,,,,20.0
271.2290906555091,23.312279157099216,92.87,293.39,239.06640980939096,10.514733152492864,112.15,268.86,251.14103556485355,15.462309126790876,97.89,276.16,258.0181041376104,20.041262210374157,99.37,286.52,210.77224686192466,46.10808340882339,131.39000000000001,283.23,243.45551603905162,25.279698371144153,200.14000000000001,284.77,267.4582659228266,10.976502901726043,228.92000000000002,285.86,221.34848163644816,40.438316983131045,147.71,281.64,249.2400966992097,20.097600841200904,211.53,281.51,267.3580632264063,14.35341052863513,110.92,287.61,275.9902150162715,12.101878528244775,110.75,289.54,SSMIS_F17_L1B_BRIGHTNESS_20101103_2306.nc,140.17545218331716,69.52709499877355,86.06,279.41,203.9734338965435,37.50763577770881,174.71,280.92,185.08653281647216,51.034370938584374,115.59,284.13,230.12303810446775,26.509707737765446,196.08,285.02,235.19232924619726,25.187677179793226,164.95000000000002,284.26,258.0416158934816,12.449978859783656,222.35000000000002,285.86,205.58671722917455,41.11063545615742,139.0,282.22,243.6060239610107,19.074847746067842,208.15,283.01,133.10028981638874,72.37318537395052,82.02000000000001,344.64,199.66486961164506,40.21660575720558,171.23,347.01,266.9088081293276,12.773135000212198,97.61,290.53000000000003,277.56302672790355,10.349078168631083,97.5,294.14,40484.0,0.0,40484.0,40484.0,10.28680897611762,7.837787389190687,-5.0200000000000005,28.07,10.252722510147613,7.852378689667934,-5.0200000000000005,27.98,92.5583510252893,5.121367113634344,83.03,104.08,92.57355299933988,5.168823483960563,83.03,104.10000000000001,70310.89,126.86317,70091.91,70529.875,,,,,,,,,,,,,,,,,,,,,,,,,,,,,,,,,25.0
271.2290906555091,23.312279157099216,92.87,293.39,239.06640980939096,10.514733152492864,112.15,268.86,251.14103556485355,15.462309126790876,97.89,276.16,258.0181041376104,20.041262210374157,99.37,286.52,210.77224686192466,46.10808340882339,131.39000000000001,283.23,243.45551603905162,25.279698371144153,200.14000000000001,284.77,267.4582659228266,10.976502901726043,228.92000000000002,285.86,221.34848163644816,40.438316983131045,147.71,281.64,249.2400966992097,20.097600841200904,211.53,281.51,267.3580632264063,14.35341052863513,110.92,287.61,275.9902150162715,12.101878528244775,110.75,289.54,SSMIS_F17_L1B_BRIGHTNESS_20101103_2306.nc,140.17545218331716,69.52709499877355,86.06,279.41,203.9734338965435,37.50763577770881,174.71,280.92,185.08653281647216,51.034370938584374,115.59,284.13,230.12303810446775,26.509707737765446,196.08,285.02,235.19232924619726,25.187677179793226,164.95000000000002,284.26,258.0416158934816,12.449978859783656,222.35000000000002,285.86,205.58671722917455,41.11063545615742,139.0,282.22,243.6060239610107,19.074847746067842,208.15,283.01,133.10028981638874,72.37318537395052,82.02000000000001,344.64,199.66486961164506,40.21660575720558,171.23,347.01,266.9088081293276,12.773135000212198,97.61,290.53000000000003,277.56302672790355,10.349078168631083,97.5,294.14,40484.0,0.0,40484.0,40484.0,10.28680897611762,7.837787389190687,-5.0200000000000005,28.07,10.252722510147613,7.852378689667934,-5.0200000000000005,27.98,92.5583510252893,5.121367113634344,83.03,104.08,92.57355299933988,5.168823483960563,83.03,104.10000000000001,70310.89,126.86317,70091.91,70529.875,,,,,,,,,,,,,,,,,,,,,,,,,,,,,,,,,30.0
275.75102258064516,24.77323807024013,81.49,297.24,241.78253870967743,12.646211436707302,103.77,267.09000000000003,256.2294863799283,18.465376922993947,87.39,280.3,263.0556982078853,22.416228283756723,88.45,288.74,205.21168673835123,45.30862007045639,135.5,281.98,241.31859713261647,25.959175964363908,204.88,288.22,267.65061146953406,11.613337041479863,237.19,289.63,217.5676200716846,41.24036833405798,147.76,283.39,247.87445878136202,21.33770269882292,208.17000000000002,285.96,268.3174892473118,14.901527046213223,96.27,290.81,278.0096541218638,12.998838719516277,94.88,293.22,SSMIS_F17_L1B_BRIGHTNESS_20101106_1131.nc,136.42973244006237,68.02059694957534,86.36000000000001,290.81,203.57034944311016,39.836334549582936,175.6,301.65,184.3482796106687,50.2210563236117,122.66,289.64,231.1075680838214,28.733405940546813,198.31,296.48,236.78958468517817,25.324049918989786,176.45000000000002,291.25,259.8288495624939,14.560239781896541,228.45,295.89,207.0717835924662,41.368584247265375,147.19,291.64,245.26869127375386,21.53439269032288,200.96,296.75,127.48231306965232,70.19102801403935,82.14000000000001,356.47,198.26733674920118,42.050862455717876,171.69,367.59000000000003,268.734603084313,13.719601475392015,81.02,300.8,278.78096251351843,11.474386508767871,85.31,303.1,40487.0,0.0,40487.0,40487.0,8.90549252576413,7.848011703250283,-8.9,24.27,8.93330257447436,7.865172274811632,-8.9,24.27,85.96355960043616,5.066527012258408,76.12,96.55,85.94270102108176,5.110295217818273,76.12,96.56,27989.434,126.86286,27770.451,28208.418,,,,,,,,,,,,,,,,,,,,,,,,,,,,,,,,,55.0
275.75102258064516,24.77323807024013,81.49,297.24,241.78253870967743,12.646211436707302,103.77,267.09000000000003,256.2294863799283,18.465376922993947,87.39,280.3,263.0556982078853,22.416228283756723,88.45,288.74,205.21168673835123,45.30862007045639,135.5,281.98,241.31859713261647,25.959175964363908,204.88,288.22,267.65061146953406,11.613337041479863,237.19,289.63,217.5676200716846,41.24036833405798,147.76,283.39,247.87445878136202,21.33770269882292,208.17000000000002,285.96,268.3174892473118,14.901527046213223,96.27,290.81,278.0096541218638,12.998838719516277,94.88,293.22,SSMIS_F17_L1B_BRIGHTNESS_20101106_1131.nc,136.42973244006237,68.02059694957534,86.36000000000001,290.81,203.57034944311016,39.836334549582936,175.6,301.65,184.3482796106687,50.2210563236117,122.66,289.64,231.1075680838214,28.733405940546813,198.31,296.48,236.78958468517817,25.324049918989786,176.45000000000002,291.25,259.8288495624939,14.560239781896541,228.45,295.89,207.0717835924662,41.368584247265375,147.19,291.64,245.26869127375386,21.53439269032288,200.96,296.75,127.48231306965232,70.19102801403935,82.14000000000001,356.47,198.26733674920118,42.050862455717876,171.69,367.59000000000003,268.734603084313,13.719601475392015,81.02,300.8,278.78096251351843,11.474386508767871,85.31,303.1,40487.0,0.0,40487.0,40487.0,8.90549252576413,7.848011703250283,-8.9,24.27,8.93330257447436,7.865172274811632,-8.9,24.27,85.96355960043616,5.066527012258408,76.12,96.55,85.94270102108176,5.110295217818273,76.12,96.56,27989.434,126.86286,27770.451,28208.418,,,,,,,,,,,,,,,,,,,,,,,,,,,,,,,,,55.0
275.75102258064516,24.77323807024013,81.49,297.24,241.78253870967743,12.646211436707302,103.77,267.09000000000003,256.2294863799283,18.465376922993947,87.39,280.3,263.0556982078853,22.416228283756723,88.45,288.74,205.21168673835123,45.30862007045639,135.5,281.98,241.31859713261647,25.959175964363908,204.88,288.22,267.65061146953406,11.613337041479863,237.19,289.63,217.5676200716846,41.24036833405798,147.76,283.39,247.87445878136202,21.33770269882292,208.17000000000002,285.96,268.3174892473118,14.901527046213223,96.27,290.81,278.0096541218638,12.998838719516277,94.88,293.22,SSMIS_F17_L1B_BRIGHTNESS_20101106_1131.nc,136.42973244006237,68.02059694957534,86.36000000000001,290.81,203.57034944311016,39.836334549582936,175.6,301.65,184.3482796106687,50.2210563236117,122.66,289.64,231.1075680838214,28.733405940546813,198.31,296.48,236.78958468517817,25.324049918989786,176.45000000000002,291.25,259.8288495624939,14.560239781896541,228.45,295.89,207.0717835924662,41.368584247265375,147.19,291.64,245.26869127375386,21.53439269032288,200.96,296.75,127.48231306965232,70.19102801403935,82.14000000000001,356.47,198.26733674920118,42.050862455717876,171.69,367.59000000000003,268.734603084313,13.719601475392015,81.02,300.8,278.78096251351843,11.474386508767871,85.31,303.1,40487.0,0.0,40487.0,40487.0,8.90549252576413,7.848011703250283,-8.9,24.27,8.93330257447436,7.865172274811632,-8.9,24.27,85.96355960043616,5.066527012258408,76.12,96.55,85.94270102108176,5.110295217818273,76.12,96.56,27989.434,126.86286,27770.451,28208.418,,,,,,,,,,,,,,,,,,,,,,,,,,,,,,,,,45.0
276.53492026964204,20.790401379301734,82.84,295.34000000000003,240.04044676894466,10.84297642186417,100.8,265.54,254.71936820083684,15.956121427802403,88.61,277.62,263.4125306834031,19.640796484142015,88.21000000000001,290.27,211.79724128312412,47.31822480152965,143.02,279.32,244.29166759646674,26.22729038028758,208.43,283.23,267.7904560669456,9.851834602317808,241.24,285.56,221.15863737796377,41.464079792666396,157.57,278.99,249.33164063226405,20.707316930459353,220.71,281.18,269.405729195723,11.792066397042257,87.87,288.36,278.0857368665737,10.573451262158603,88.9,289.86,SSMIS_F17_L1B_BRIGHTNESS_20101107_0008.nc,159.18629447042795,76.41217214807175,83.5,275.32,214.75671891459152,42.13926780210382,175.42000000000002,281.18,200.27739125549516,53.8182983809865,123.19,284.79,238.3797053329401,28.74901856128596,200.55,290.02,243.56377196308938,24.645471306724556,180.91,284.75,262.571044396691,12.662044508434038,230.14,286.71000000000004,218.16943693029395,42.330252182996425,147.93,283.46000000000004,249.61560625851487,20.38847547089329,202.66000000000003,286.44,152.21967321732527,80.92065030603042,79.44999999999999,345.77,211.29946718374575,46.29614197670452,171.93,364.05,269.82426192783606,13.685622058048232,86.91,291.07,278.32456460062645,11.741804612149874,88.65,293.91,40487.0,0.0,40487.0,40487.0,13.420178924413491,7.8299524949576575,-1.86,31.2,13.38590654363123,7.8443771461221345,-1.86,31.12,85.53051264464844,5.190828497005319,75.96000000000001,97.38,85.54579797469066,5.238834097902695,75.96000000000001,97.41,72111.8,126.86302,71892.805,72330.77,,,,,,,,,,,,,,,,,,,,,,,,,,,,,,,,,30.0
276.53492026964204,20.790401379301734,82.84,295.34000000000003,240.04044676894466,10.84297642186417,100.8,265.54,254.71936820083684,15.956121427802403,88.61,277.62,263.4125306834031,19.640796484142015,88.21000000000001,290.27,211.79724128312412,47.31822480152965,143.02,279.32,244.29166759646674,26.22729038028758,208.43,283.23,267.7904560669456,9.851834602317808,241.24,285.56,221.15863737796377,41.464079792666396,157.57,278.99,249.33164063226405,20.707316930459353,220.71,281.18,269.405729195723,11.792066397042257,87.87,288.36,278.0857368665737,10.573451262158603,88.9,289.86,SSMIS_F17_L1B_BRIGHTNESS_20101107_0008.nc,159.18629447042795,76.41217214807175,83.5,275.32,214.75671891459152,42.13926780210382,175.42000000000002,281.18,200.27739125549516,53.8182983809865,123.19,284.79,238.3797053329401,28.74901856128596,200.55,290.02,243.56377196308938,24.645471306724556,180.91,284.75,262.571044396691,12.662044508434038,230.14,286.71000000000004,218.16943693029395,42.330252182996425,147.93,283.46000000000004,249.61560625851487,20.38847547089329,202.66000000000003,286.44,152.21967321732527,80.92065030603042,79.44999999999999,345.77,211.29946718374575,46.29614197670452,171.93,364.05,269.82426192783606,13.685622058048232,86.91,291.07,278.32456460062645,11.741804612149874,88.65,293.91,40487.0,0.0,40487.0,40487.0,13.420178924413491,7.8299524949576575,-1.86,31.2,13.38590654363123,7.8443771461221345,-1.86,31.12,85.53051264464844,5.190828497005319,75.96000000000001,97.38,85.54579797469066,5.238834097902695,75.96000000000001,97.41,72111.8,126.86302,71892.805,72330.77,,,,,,,,,,,,,,,,,,,,,,,,,,,,,,,,,30.0
278.51798028673835,13.50264098618348,119.59,291.72,240.7038422939068,8.104879439879745,129.19,270.58,255.1110340501792,10.27017387495361,114.28,284.5,264.7510716845878,12.744984595055213,108.85000000000001,292.7,205.91327025089606,55.82698240394647,122.95,284.04,242.66027526881723,31.53366643819488,196.59,287.92,266.2543218637993,15.51317551184406,222.26,289.26,216.83328172043014,50.21910116155046,138.91,286.61,248.25348817204303,25.93805554218277,209.76,285.73,266.97418279569894,16.43368867341153,168.63,288.87,277.6260655913979,8.165163326673468,174.16,290.33,SSMIS_F18_L1B_BRIGHTNESS_20101107_1453.nc,136.65212531074877,72.88138012117707,83.94,284.54,204.54017247433254,42.984554721582654,174.3,316.54,178.8613039508982,55.44417797213508,110.06,292.03000000000003,228.89303978988468,31.77051507361038,191.27,303.04,230.02346282953414,30.641306373187756,152.47,292.73,256.8099689602382,17.40124475156293,214.95,300.86,199.68973384457647,45.93334291058812,131.19,294.62,242.52691287798984,24.06258207892229,184.49,302.55,130.13950695322376,74.36238825222922,80.11000000000001,346.95,200.30601904521131,44.64136222211164,171.21,340.65000000000003,266.3998648857428,16.50673344292403,70.23,302.08,279.54566812736135,10.692867595676763,68.67,305.21,40488.0,0.0,40488.0,40488.0,9.318511519116457,7.848311055144935,-8.49,24.68,9.34627649264737,7.8654923607923735,-8.49,24.68,75.05824997362033,5.071899725641749,65.19,85.64,75.0373787553196,5.115683266983543,65.19,85.65,30591.588,126.86303,30372.605,30810.574,,,,,,,,,,,,,,,,,,,,,,,,,,,,,,,,,30.0
278.51798028673835,13.50264098618348,119.59,291.72,240.7038422939068,8.104879439879745,129.19,270.58,255.1110340501792,10.27017387495361,114.28,284.5,264.7510716845878,12.744984595055213,108.85000000000001,292.7,205.91327025089606,55.82698240394647,122.95,284.04,242.66027526881723,31.53366643819488,196.59,287.92,266.2543218637993,15.51317551184406,222.26,289.26,216.83328172043014,50.21910116155046,138.91,286.61,248.25348817204303,25.93805554218277,209.76,285.73,266.97418279569894,16.43368867341153,168.63,288.87,277.6260655913979,8.165163326673468,174.16,290.33,SSMIS_F18_L1B_BRIGHTNESS_20101107_1453.nc,136.65212531074877,72.88138012117707,83.94,284.54,204.54017247433254,42.984554721582654,174.3,316.54,178.8613039508982,55.44417797213508,110.06,292.03000000000003,228.89303978988468,31.77051507361038,191.27,303.04,230.02346282953414,30.641306373187756,152.47,292.73,256.8099689602382,17.40124475156293,214.95,300.86,199.68973384457647,45.93334291058812,131.19,294.62,242.52691287798984,24.06258207892229,184.49,302.55,130.13950695322376,74.36238825222922,80.11000000000001,346.95,200.30601904521131,44.64136222211164,171.21,340.65000000000003,266.3998648857428,16.50673344292403,70.23,302.08,279.54566812736135,10.692867595676763,68.67,305.21,40488.0,0.0,40488.0,40488.0,9.318511519116457,7.848311055144935,-8.49,24.68,9.34627649264737,7.8654923607923735,-8.49,24.68,75.05824997362033,5.071899725641749,65.19,85.64,75.0373787553196,5.115683266983543,65.19,85.65,30591.588,126.86303,30372.605,30810.574,,,,,,,,,,,,,,,,,,,,,,,,,,,,,,,,,100.0
278.51798028673835,13.50264098618348,119.59,291.72,240.7038422939068,8.104879439879745,129.19,270.58,255.1110340501792,10.27017387495361,114.28,284.5,264.7510716845878,12.744984595055213,108.85000000000001,292.7,205.91327025089606,55.82698240394647,122.95,284.04,242.66027526881723,31.53366643819488,196.59,287.92,266.2543218637993,15.51317551184406,222.26,289.26,216.83328172043014,50.21910116155046,138.91,286.61,248.25348817204303,25.93805554218277,209.76,285.73,266.97418279569894,16.43368867341153,168.63,288.87,277.6260655913979,8.165163326673468,174.16,290.33,SSMIS_F18_L1B_BRIGHTNESS_20101107_1453.nc,180.7378675262293,81.42532773744674,85.69999999999999,278.13,228.42146420595796,46.297063500313286,173.51,289.88,209.18683492745686,62.010905186807754,107.30000000000001,282.89,244.66942836275788,34.25812651785821,188.45000000000002,298.31,241.79725094453576,34.60437685652149,136.26,285.15,262.6233176027754,18.845524527060867,205.75,290.23,222.11654573800195,50.19683129787524,130.76,284.58,252.87707355440384,25.118890741270405,203.06,288.45,176.87030617263136,83.59178606876837,81.72999999999999,347.33,225.9799124081354,48.92672736482402,170.79,346.14,267.89697264006514,18.324357001295187,124.82000000000001,292.97,279.13850608856865,10.549227500507202,127.83,295.23,40488.0,0.0,40488.0,40488.0,16.796760789279308,7.820515178045139,1.54,34.58,16.762195396002753,7.8348014785694176,1.54,34.49,75.48035584397313,5.287687783050813,65.82000000000001,87.76,75.4957832272925,5.336508237753238,65.83,87.78,74650.945,126.86228,74431.97,74869.94,,,,,,,,,,,,,,,,,,,,,,,,,,,,,,,,,45.0
278.51798028673835,13.50264098618348,119.59,291.72,240.7038422939068,8.104879439879745,129.19,270.58,255.1110340501792,10.27017387495361,114.28,284.5,264.7510716845878,12.744984595055213,108.85000000000001,292.7,205.91327025089606,55.82698240394647,122.95,284.04,242.66027526881723,31.53366643819488,196.59,287.92,266.2543218637993,15.51317551184406,222.26,289.26,216.83328172043014,50.21910116155046,138.91,286.61,248.25348817204303,25.93805554218277,209.76,285.73,266.97418279569894,16.43368867341153,168.63,288.87,277.6260655913979,8.165163326673468,174.16,290.33,SSMIS_F18_L1B_BRIGHTNESS_20101107_1453.nc,180.7378675262293,81.42532773744674,85.69999999999999,278.13,228.42146420595796,46.297063500313286,173.51,289.88,209.18683492745686,62.010905186807754,107.30000000000001,282.89,244.66942836275788,34.25812651785821,188.45000000000002,298.31,241.79725094453576,34.60437685652149,136.26,285.15,262.6233176027754,18.845524527060867,205.75,290.23,222.11654573800195,50.19683129787524,130.76,284.58,252.87707355440384,25.118890741270405,203.06,288.45,176.87030617263136,83.59178606876837,81.72999999999999,347.33,225.9799124081354,48.92672736482402,170.79,346.14,267.89697264006514,18.324357001295187,124.82000000000001,292.97,279.13850608856865,10.549227500507202,127.83,295.23,40488.0,0.0,40488.0,40488.0,16.796760789279308,7.820515178045139,1.54,34.58,16.762195396002753,7.8348014785694176,1.54,34.49,75.48035584397313,5.287687783050813,65.82000000000001,87.76,75.4957832272925,5.336508237753238,65.83,87.78,74650.945,126.86228,74431.97,74869.94,,,,,,,,,,,,,,,,,,,,,,,,,,,,,,,,,55.0
278.1605062597809,16.182249873133635,104.39,295.57,245.0118229003652,8.956467459063639,130.71,270.54,259.3010109546166,12.353249452887423,112.96000000000001,284.11,267.38246974439227,14.988097074980976,110.75,293.36,213.53909702660405,58.538303806249424,108.14,285.43,248.50537141366723,34.83990880499251,188.24,296.07,267.36346739697444,20.611877235788334,204.99,296.21,222.6550297339593,51.9939112511267,128.66,287.89,252.81488315075643,28.11512099613751,204.36,293.68,266.2207378716745,21.102709434030274,121.21000000000001,290.8,278.93647730829423,11.6039838517532,121.23,296.17,SSMIS_F17_L1B_BRIGHTNESS_20101109_1236.nc,180.207682130367,85.66105568163499,85.64000000000001,287.83,231.23265649798452,50.97572740356052,174.04,310.01,213.56458124411859,62.45320579419413,101.78,303.99,250.0168239722468,36.49471086301523,188.20000000000002,319.56,250.62304021123893,31.30818581825765,129.76,294.01,269.4241701428391,18.391995831286376,204.02,301.25,228.55031306619475,50.380852788257194,125.94999999999999,295.93,259.06186070029077,27.03621754327146,201.85000000000002,304.68,174.59045729429508,88.26747894471539,81.25,350.67,228.3590032923432,53.80230939580613,170.96,356.01,276.8272213795138,14.24349013705738,71.7,300.1,285.13531966741107,9.717585718636029,72.97,306.38,40490.0,0.0,40490.0,40490.0,16.709823537687733,7.849359628766746,-1.11,32.1,16.73697369345075,7.866724180435856,-1.12,32.1,76.49975245330802,5.222978329810138,66.14,87.10000000000001,76.47825222264358,5.268275388918596,66.14,87.10000000000001,29971.83,126.86281,29752.846,30190.814,,,,,,,,,,,,,,,,,,,,,,,,,,,,,,,,,37.0
278.1605062597809,16.182249873133635,104.39,295.57,245.0118229003652,8.956467459063639,130.71,270.54,259.3010109546166,12.353249452887423,112.96000000000001,284.11,267.38246974439227,14.988097074980976,110.75,293.36,213.53909702660405,58.538303806249424,108.14,285.43,248.50537141366723,34.83990880499251,188.24,296.07,267.36346739697444,20.611877235788334,204.99,296.21,222.6550297339593,51.9939112511267,128.66,287.89,252.81488315075643,28.11512099613751,204.36,293.68,266.2207378716745,21.102709434030274,121.21000000000001,290.8,278.93647730829423,11.6039838517532,121.23,296.17,SSMIS_F17_L1B_BRIGHTNESS_20101109_1236.nc,180.207682130367,85.66105568163499,85.64000000000001,287.83,231.23265649798452,50.97572740356052,174.04,310.01,213.56458124411859,62.45320579419413,101.78,303.99,250.0168239722468,36.49471086301523,188.20000000000002,319.56,250.62304021123893,31.30818581825765,129.76,294.01,269.4241701428391,18.391995831286376,204.02,301.25,228.55031306619475,50.380852788257194,125.94999999999999,295.93,259.06186070029077,27.03621754327146,201.85000000000002,304.68,174.59045729429508,88.26747894471539,81.25,350.67,228.3590032923432,53.80230939580613,170.96,356.01,276.8272213795138,14.24349013705738,71.7,300.1,285.13531966741107,9.717585718636029,72.97,306.38,40490.0,0.0,40490.0,40490.0,16.709823537687733,7.849359628766746,-1.11,32.1,16.73697369345075,7.866724180435856,-1.12,32.1,76.49975245330802,5.222978329810138,66.14,87.10000000000001,76.47825222264358,5.268275388918596,66.14,87.10000000000001,29971.83,126.86281,29752.846,30190.814,,,,,,,,,,,,,,,,,,,,,,,,,,,,,,,,,30.0
270.38175499767556,22.840364873244674,106.96000000000001,293.46,247.48115016271507,7.854628353173657,135.66,269.43,260.77848210134823,13.071418546553478,121.78,282.99,266.40014179451424,18.026732617278046,116.51,291.02,214.94248953974898,52.67089274598008,111.56,281.38,246.79038168293823,30.367507070543603,189.85,290.91,262.09654951185496,19.060130577322457,206.11,291.32,221.89573175267316,46.371342072035205,130.18,282.74,249.46695397489543,24.63020002495683,186.91,287.98,257.9654039981404,23.349861312974824,138.35,288.91,270.5830843793584,18.752969477819317,142.15,291.23,SSMIS_F17_L1B_BRIGHTNESS_20101110_0109.nc,204.15775151336396,73.96277735875275,85.08000000000001,276.27,240.1633681652832,41.09162348671431,174.49,288.63,227.97085675360609,52.5765083692074,93.71000000000001,284.04,253.27722355651062,28.677496026699938,177.71,291.98,251.97253163668026,26.971037578215512,102.82,285.54,266.1945357378615,16.72851820562843,186.97,289.94,236.20761710136378,41.9336140947052,106.61000000000001,283.79,257.7053638393798,22.134317387741863,185.39000000000001,287.82,201.46445642192114,77.84239546070476,80.07,350.96000000000004,239.56830001127966,44.417275711770834,171.04,345.96000000000004,267.52770207446736,24.744277931361765,128.81,291.87,274.45989718956724,22.320367952242552,129.94,294.62,40490.0,0.0,40490.0,40490.0,21.041185079666562,7.806837745987451,5.82,38.83,21.006237447155158,7.82091979160655,5.82,38.74,79.56381910590552,5.445342350865256,69.75,92.49,79.57953510583015,5.495478494231431,69.75,92.52,73837.7,126.862724,73618.73,74056.695,,,,,,,,,,,,,,,,,,,,,,,,,,,,,,,,,30.0
270.38175499767556,22.840364873244674,106.96000000000001,293.46,247.48115016271507,7.854628353173657,135.66,269.43,260.77848210134823,13.071418546553478,121.78,282.99,266.40014179451424,18.026732617278046,116.51,291.02,214.94248953974898,52.67089274598008,111.56,281.38,246.79038168293823,30.367507070543603,189.85,290.91,262.09654951185496,19.060130577322457,206.11,291.32,221.89573175267316,46.371342072035205,130.18,282.74,249.46695397489543,24.63020002495683,186.91,287.98,257.9654039981404,23.349861312974824,138.35,288.91,270.5830843793584,18.752969477819317,142.15,291.23,SSMIS_F17_L1B_BRIGHTNESS_20101110_0109.nc,204.15775151336396,73.96277735875275,85.08000000000001,276.27,240.1633681652832,41.09162348671431,174.49,288.63,227.97085675360609,52.5765083692074,93.71000000000001,284.04,253.27722355651062,28.677496026699938,177.71,291.98,251.97253163668026,26.971037578215512,102.82,285.54,266.1945357378615,16.72851820562843,186.97,289.94,236.20761710136378,41.9336140947052,106.61000000000001,283.79,257.7053638393798,22.134317387741863,185.39000000000001,287.82,201.46445642192114,77.84239546070476,80.07,350.96000000000004,239.56830001127966,44.417275711770834,171.04,345.96000000000004,267.52770207446736,24.744277931361765,128.81,291.87,274.45989718956724,22.320367952242552,129.94,294.62,40490.0,0.0,40490.0,40490.0,21.041185079666562,7.806837745987451,5.82,38.83,21.006237447155158,7.82091979160655,5.82,38.74,79.56381910590552,5.445342350865256,69.75,92.49,79.57953510583015,5.495478494231431,69.75,92.52,73837.7,126.862724,73618.73,74056.695,,,,,,,,,,,,,,,,,,,,,,,,,,,,,,,,,30.0
270.0356363425926,25.335819303604197,105.62,293.33,246.34987847222223,7.848519040625711,135.26,269.12,257.51192523148154,11.819906574898004,115.86,284.42,262.08805625,18.317057615559968,106.98,291.82,235.05203240740744,46.787591504337215,142.83,286.23,258.0440472222222,26.852849171535816,208.69,291.2,270.78592824074076,15.320779702243142,222.36,291.63,239.7162462962963,42.06759352818154,156.17000000000002,287.41,259.6590337962962,23.185332325088286,204.36,289.88,266.577362962963,23.43881082901697,141.03,290.89,272.8349863425926,20.951921317909022,146.04,291.5,SSMIS_F18_L1B_BRIGHTNESS_20101110_0305.nc,142.82125057936207,74.48279330240283,80.49000000000001,282.0,212.34748451523197,48.713919266129174,173.48,306.1,179.66586412730516,58.38650685621363,96.25999999999999,289.87,233.50857863172234,37.351859517954054,185.35,309.44,224.9532604390511,36.01755695785754,119.39000000000001,291.5,257.46679939324986,22.90270667515123,201.02,307.0,199.7567034649363,49.32089221039575,119.84,294.7,246.33566243907921,28.646160400310045,204.77,306.92,137.36254540091858,75.60816646730844,79.58000000000001,314.35,209.1536994901614,50.95148691515089,170.99,311.41,262.6239666287448,20.735393328182973,100.69,302.29,280.72645999241564,11.39930986217614,103.18,312.65000000000003,40491.0,0.0,40491.0,40491.0,18.2084438113327,7.8488187164376155,0.38,33.6,18.235381957611764,7.8662381693326395,0.37,33.6,65.34023590447048,5.266799105793458,54.85,75.97,65.31859871627411,5.312500901202498,54.85,75.97,32591.994,126.862854,32373.01,32810.977,,,,,,,,,,,,,,,,,,,,,,,,,,,,,,,,,30.0
270.0356363425926,25.335819303604197,105.62,293.33,246.34987847222223,7.848519040625711,135.26,269.12,257.51192523148154,11.819906574898004,115.86,284.42,262.08805625,18.317057615559968,106.98,291.82,235.05203240740744,46.787591504337215,142.83,286.23,258.0440472222222,26.852849171535816,208.69,291.2,270.78592824074076,15.320779702243142,222.36,291.63,239.7162462962963,42.06759352818154,156.17000000000002,287.41,259.6590337962962,23.185332325088286,204.36,289.88,266.577362962963,23.43881082901697,141.03,290.89,272.8349863425926,20.951921317909022,146.04,291.5,SSMIS_F18_L1B_BRIGHTNESS_20101110_0305.nc,142.82125057936207,74.48279330240283,80.49000000000001,282.0,212.34748451523197,48.713919266129174,173.48,306.1,179.66586412730516,58.38650685621363,96.25999999999999,289.87,233.50857863172234,37.351859517954054,185.35,309.44,224.9532604390511,36.01755695785754,119.39000000000001,291.5,257.46679939324986,22.90270667515123,201.02,307.0,199.7567034649363,49.32089221039575,119.84,294.7,246.33566243907921,28.646160400310045,204.77,306.92,137.36254540091858,75.60816646730844,79.58000000000001,314.35,209.1536994901614,50.95148691515089,170.99,311.41,262.6239666287448,20.735393328182973,100.69,302.29,280.72645999241564,11.39930986217614,103.18,312.65000000000003,40491.0,0.0,40491.0,40491.0,18.2084438113327,7.8488187164376155,0.38,33.6,18.235381957611764,7.8662381693326395,0.37,33.6,65.34023590447048,5.266799105793458,54.85,75.97,65.31859871627411,5.312500901202498,54.85,75.97,32591.994,126.862854,32373.01,32810.977,,,,,,,,,,,,,,,,,,,,,,,,,,,,,,,,,
271.24062133891215,23.271601352592487,105.78,292.14,241.62350557880058,11.548277916487821,129.17000000000002,269.61,253.729269874477,15.26604827528851,114.82000000000001,280.99,259.7655516039051,19.65091138595634,105.83,288.18,214.81793351929335,46.27210991198059,120.59,283.8,245.52988842398887,25.755861853750588,191.74,284.81,267.6789139934914,12.816342536125337,211.72,289.85,225.19752487215248,40.442613064261316,139.63,282.26,251.02543235704323,20.412932047614433,206.39000000000001,281.47,268.1941606229661,15.185112149711141,130.02,287.77,276.412509995351,12.142449500374584,132.39000000000001,289.36,SSMIS_F17_L1B_BRIGHTNESS_20101030_2216.nc,163.85380623323363,75.38484223921866,86.71000000000001,326.40000000000003,216.7452347645332,41.22081264730257,172.69,315.26,203.75886276492648,55.322299411642646,109.67000000000002,285.27,239.6991328529895,29.595654414922276,187.29,285.64,244.02296703605384,28.98695125049451,142.88,285.06,262.23144805404576,15.249995860599629,207.07999999999998,285.97,221.42466382954817,43.043596789282525,133.44,282.79,250.4803942471102,20.899756184885735,206.85000000000002,283.67,156.26896922709588,78.38629240289777,82.47,298.71000000000004,212.92427716681416,44.11916895209023,169.55,325.98,267.53694089804634,16.839797936314756,125.33,289.47,275.86244069439175,13.65017410190207,127.38000000000001,292.54,40480.0,0.0,40480.0,40480.0,7.630654883753649,7.843656541512782,-7.69,25.41,7.596777904184047,7.858323041688249,-7.69,25.330000000000002,110.51582075903063,5.076480054563814,101.0,121.81,110.53090689475977,5.123596708654569,101.0,121.83,65906.336,126.86324,65687.35,66125.32,0.5060946091045194,0.9829343770979944,-0.27159745796207585,8.055534475707809,0.7158277936055714,0.4510192495973435,0.0,1.0,0.1118033063131158,0.2053485508977908,-0.0686158683571112,0.9772069560052445,0.021837164424006808,0.052861006805404856,-0.029965310930228473,0.5550898584251306,0.9065788352736951,0.1901538917628748,0.004277962635186074,1.0710447886768655,0.8483659418680501,0.26203223573819406,0.00853010307541107,1.0748951594157425,0.8147041784650403,0.2914322566294053,-0.34235668789809004,2.597929936305734,283.60551554669905,15.718287045098334,129.05690000000004,302.2763,
271.24062133891215,23.271601352592487,105.78,292.14,241.62350557880058,11.548277916487821,129.17000000000002,269.61,253.729269874477,15.26604827528851,114.82000000000001,280.99,259.7655516039051,19.65091138595634,105.83,288.18,214.81793351929335,46.27210991198059,120.59,283.8,245.52988842398887,25.755861853750588,191.74,284.81,267.6789139934914,12.816342536125337,211.72,289.85,225.19752487215248,40.442613064261316,139.63,282.26,251.02543235704323,20.412932047614433,206.39000000000001,281.47,268.1941606229661,15.185112149711141,130.02,287.77,276.412509995351,12.142449500374584,132.39000000000001,289.36,SSMIS_F17_L1B_BRIGHTNESS_20101030_2216.nc,163.85380623323363,75.38484223921866,86.71000000000001,326.40000000000003,216.7452347645332,41.22081264730257,172.69,315.26,203.75886276492648,55.322299411642646,109.67000000000002,285.27,239.6991328529895,29.595654414922276,187.29,285.64,244.02296703605384,28.98695125049451,142.88,285.06,262.23144805404576,15.249995860599629,207.07999999999998,285.97,221.42466382954817,43.043596789282525,133.44,282.79,250.4803942471102,20.899756184885735,206.85000000000002,283.67,156.26896922709588,78.38629240289777,82.47,298.71000000000004,212.92427716681416,44.11916895209023,169.55,325.98,267.53694089804634,16.839797936314756,125.33,289.47,275.86244069439175,13.65017410190207,127.38000000000001,292.54,40480.0,0.0,40480.0,40480.0,7.630654883753649,7.843656541512782,-7.69,25.41,7.596777904184047,7.858323041688249,-7.69,25.330000000000002,110.51582075903063,5.076480054563814,101.0,121.81,110.53090689475977,5.123596708654569,101.0,121.83,65906.336,126.86324,65687.35,66125.32,0.5060946091045194,0.9829343770979944,-0.27159745796207585,8.055534475707809,0.7158277936055714,0.4510192495973435,0.0,1.0,0.1118033063131158,0.2053485508977908,-0.0686158683571112,0.9772069560052445,0.021837164424006808,0.052861006805404856,-0.029965310930228473,0.5550898584251306,0.9065788352736951,0.1901538917628748,0.004277962635186074,1.0710447886768655,0.8483659418680501,0.26203223573819406,0.00853010307541107,1.0748951594157425,0.8147041784650403,0.2914322566294053,-0.34235668789809004,2.597929936305734,283.60551554669905,15.718287045098334,129.05690000000004,302.2763,
270.4994934913994,23.29316094475602,120.26,291.26,242.88539237563927,11.514515211664923,137.41,271.0,254.23859158530917,15.533350905321164,120.43,282.47,260.9288554160855,20.266817401673197,116.26,288.06,209.23363830776387,44.44103271390197,119.66,283.46,242.88939888423988,24.366635600824623,192.37,285.14,266.4443272896327,12.621318149377089,211.91,288.5,220.71897257089728,39.623599090631714,139.75,283.08,249.01366201766615,20.303875847773217,205.8,282.88,267.7067640632264,15.6902529016798,155.94,295.85,274.78588284518827,12.051975034634829,156.25,287.59000000000003,SSMIS_F16_L1B_BRIGHTNESS_20101030_2326 (1).nc,156.63623326637543,74.57574229594556,87.80000000000001,353.95,214.5318157173959,41.65261015359514,176.02,360.1,199.9363000884844,53.922052135927686,126.03,289.25,239.52335580555908,29.413063686278942,200.53,302.0,245.19672677987052,25.566969257939427,186.63,288.98,263.99853663675054,13.747627189894443,234.66000000000003,289.51,220.02844520288207,42.88023824290718,148.99,287.55,251.6180888776528,21.129090814313273,218.89,289.6,148.9379745502044,77.22588149767186,82.0,295.2,210.7921610461115,44.7611603865228,172.20000000000002,350.8,270.0862206632116,13.872730837297384,139.22,294.38,277.837922442731,11.66841524844494,141.72,296.98,40481.0,0.0,40481.0,40481.0,3.8158395413457136,7.843221137748403,-13.98,19.16,3.84395721850026,7.8603590073661875,-13.98,19.16,102.51462505715594,5.025112634892492,92.88,113.22,102.49386381831206,5.068362630584265,92.88,113.23,24198.643,126.86289,23979.658,24417.629,0.48802059232811595,0.8091831153519913,-0.22370102275025797,7.7994649851070275,0.7142661179698216,0.45176324628077313,0.0,1.0,0.11178879182597938,0.17863514314507786,-0.056537497308492,0.9411070491381289,0.02156795518510131,0.04248431586711418,-0.037714805804629714,0.5036835096779042,0.9131273801294487,0.1552807208000663,0.05008223469814877,1.077290301770792,0.8404923050765984,0.24653833357177465,0.0077801134378832236,1.0663213851773994,0.754346244300055,0.3066120263848116,-0.348714069591524,1.8093797276853205,283.5741219208567,12.795790839601933,143.765,302.30566000000005,
270.4994934913994,23.29316094475602,120.26,291.26,242.88539237563927,11.514515211664923,137.41,271.0,254.23859158530917,15.533350905321164,120.43,282.47,260.9288554160855,20.266817401673197,116.26,288.06,209.23363830776387,44.44103271390197,119.66,283.46,242.88939888423988,24.366635600824623,192.37,285.14,266.4443272896327,12.621318149377089,211.91,288.5,220.71897257089728,39.623599090631714,139.75,283.08,249.01366201766615,20.303875847773217,205.8,282.88,267.7067640632264,15.6902529016798,155.94,295.85,274.78588284518827,12.051975034634829,156.25,287.59000000000003,SSMIS_F16_L1B_BRIGHTNESS_20101030_2326 (1).nc,156.63623326637543,74.57574229594556,87.80000000000001,353.95,214.5318157173959,41.65261015359514,176.02,360.1,199.9363000884844,53.922052135927686,126.03,289.25,239.52335580555908,29.413063686278942,200.53,302.0,245.19672677987052,25.566969257939427,186.63,288.98,263.99853663675054,13.747627189894443,234.66000000000003,289.51,220.02844520288207,42.88023824290718,148.99,287.55,251.6180888776528,21.129090814313273,218.89,289.6,148.9379745502044,77.22588149767186,82.0,295.2,210.7921610461115,44.7611603865228,172.20000000000002,350.8,270.0862206632116,13.872730837297384,139.22,294.38,277.837922442731,11.66841524844494,141.72,296.98,40481.0,0.0,40481.0,40481.0,3.8158395413457136,7.843221137748403,-13.98,19.16,3.84395721850026,7.8603590073661875,-13.98,19.16,102.51462505715594,5.025112634892492,92.88,113.22,102.49386381831206,5.068362630584265,92.88,113.23,24198.643,126.86289,23979.658,24417.629,0.48802059232811595,0.8091831153519913,-0.22370102275025797,7.7994649851070275,0.7142661179698216,0.45176324628077313,0.0,1.0,0.11178879182597938,0.17863514314507786,-0.056537497308492,0.9411070491381289,0.02156795518510131,0.04248431586711418,-0.037714805804629714,0.5036835096779042,0.9131273801294487,0.1552807208000663,0.05008223469814877,1.077290301770792,0.8404923050765984,0.24653833357177465,0.0077801134378832236,1.0663213851773994,0.754346244300055,0.3066120263848116,-0.348714069591524,1.8093797276853205,283.5741219208567,12.795790839601933,143.765,302.30566000000005,
270.4994934913994,23.29316094475602,120.26,291.26,242.88539237563927,11.514515211664923,137.41,271.0,254.23859158530917,15.533350905321164,120.43,282.47,260.9288554160855,20.266817401673197,116.26,288.06,209.23363830776387,44.44103271390197,119.66,283.46,242.88939888423988,24.366635600824623,192.37,285.14,266.4443272896327,12.621318149377089,211.91,288.5,220.71897257089728,39.623599090631714,139.75,283.08,249.01366201766615,20.303875847773217,205.8,282.88,267.7067640632264,15.6902529016798,155.94,295.85,274.78588284518827,12.051975034634829,156.25,287.59000000000003,SSMIS_F16_L1B_BRIGHTNESS_20101030_2326 (1).nc,167.63920411287944,76.15151023459673,84.14000000000001,352.96000000000004,218.87987738247398,41.320636909216844,171.45000000000002,354.23,205.17114804983217,55.504892377902436,104.47,284.27,240.5590473180803,29.200732587360346,185.84,297.72,244.22188275116227,28.608770103597717,135.15,284.61,262.4414966502339,14.675559808998129,205.65,285.67,221.9067965842217,43.338673344430234,131.01,282.09000000000003,251.01595078582565,20.488430783062732,207.54000000000002,283.87,161.11983004901893,79.13435327231726,81.66,329.38,215.67495489419105,44.26244430887851,169.14000000000001,360.11,268.39148745066643,15.642630590816532,123.23,290.22,277.01557269062766,11.236493120894778,127.31,292.45,40481.0,0.0,40481.0,40481.0,9.12529422109669,7.840393966930199,-6.18,26.91,9.091335412014214,7.855007707796227,-6.18,26.82,100.02703777566741,5.100122143429005,90.51,111.44,100.04211056335062,5.14734673815103,90.51,111.46000000000001,68477.0,126.86275,68258.01,68695.98,0.45071641708729265,0.8732722537435601,-0.2608919526454018,8.078062179311624,0.7560655622384017,0.4294536387499019,0.0,1.0,0.10210386046975266,0.1877572767127603,-0.06585142661950116,0.9469118611177137,0.01921628948526364,0.04450604898950747,-0.03591478975962237,0.5134978989241622,0.9174736793079267,0.17071969396962905,0.010601145111401027,1.0524813793355392,0.8573872989463583,0.2466890738281832,0.024696118301021648,1.060687375452115,0.7856069159413599,0.2946669675206753,-0.24483985765124924,1.9323843416370075,284.48069355586637,13.448590401445038,128.14436,305.05872000000005,
270.4994934913994,23.29316094475602,120.26,291.26,242.88539237563927,11.514515211664923,137.41,271.0,254.23859158530917,15.533350905321164,120.43,282.47,260.9288554160855,20.266817401673197,116.26,288.06,209.23363830776387,44.44103271390197,119.66,283.46,242.88939888423988,24.366635600824623,192.37,285.14,266.4443272896327,12.621318149377089,211.91,288.5,220.71897257089728,39.623599090631714,139.75,283.08,249.01366201766615,20.303875847773217,205.8,282.88,267.7067640632264,15.6902529016798,155.94,295.85,274.78588284518827,12.051975034634829,156.25,287.59000000000003,SSMIS_F16_L1B_BRIGHTNESS_20101030_2326 (1).nc,167.63920411287944,76.15151023459673,84.14000000000001,352.96000000000004,218.87987738247398,41.320636909216844,171.45000000000002,354.23,205.17114804983217,55.504892377902436,104.47,284.27,240.5590473180803,29.200732587360346,185.84,297.72,244.22188275116227,28.608770103597717,135.15,284.61,262.4414966502339,14.675559808998129,205.65,285.67,221.9067965842217,43.338673344430234,131.01,282.09000000000003,251.01595078582565,20.488430783062732,207.54000000000002,283.87,161.11983004901893,79.13435327231726,81.66,329.38,215.67495489419105,44.26244430887851,169.14000000000001,360.11,268.39148745066643,15.642630590816532,123.23,290.22,277.01557269062766,11.236493120894778,127.31,292.45,40481.0,0.0,40481.0,40481.0,9.12529422109669,7.840393966930199,-6.18,26.91,9.091335412014214,7.855007707796227,-6.18,26.82,100.02703777566741,5.100122143429005,90.51,111.44,100.04211056335062,5.14734673815103,90.51,111.46000000000001,68477.0,126.86275,68258.01,68695.98,0.45071641708729265,0.8732722537435601,-0.2608919526454018,8.078062179311624,0.7560655622384017,0.4294536387499019,0.0,1.0,0.10210386046975266,0.1877572767127603,-0.06585142661950116,0.9469118611177137,0.01921628948526364,0.04450604898950747,-0.03591478975962237,0.5134978989241622,0.9174736793079267,0.17071969396962905,0.010601145111401027,1.0524813793355392,0.8573872989463583,0.2466890738281832,0.024696118301021648,1.060687375452115,0.7856069159413599,0.2946669675206753,-0.24483985765124924,1.9323843416370075,284.48069355586637,13.448590401445038,128.14436,305.05872000000005,
270.1486069270107,22.124614518077532,132.51,291.82,242.96648535564853,9.26444412028454,163.79,274.28000000000003,254.65455346350535,12.774574342819202,144.12,282.98,261.34552905625293,17.560979639954393,131.65,288.21,204.55808693630865,43.30210380508033,144.27,280.48,240.22543979544398,23.035867013328723,208.54,283.65000000000003,265.99150023245,8.863948025678473,245.66,285.5,217.44763133426318,38.69720167074462,158.9,280.62,247.27199628079967,19.011309803885354,219.0,282.34000000000003,266.2965669456067,11.641837318581025,174.46,288.89,273.5295516039052,10.52641477172139,175.65,287.65000000000003,SSMIS_F16_L1B_BRIGHTNESS_20101102_0041.nc,175.80155146253057,81.68008947180803,85.27000000000001,362.31,225.26214964954417,45.551395073970795,172.59,356.75,211.94978524979285,58.970786102463954,106.33000000000001,292.44,246.2198792117867,32.12331038188447,187.34,319.3,250.1928792539221,28.99195540252905,138.41,290.57,266.93233149341984,15.652660937927845,205.94,291.44,228.07849337771597,46.714590612681214,132.45,289.51,256.00707903200885,23.096691158324916,207.57,290.79,169.48952372257648,84.48273271220876,82.25,318.62,222.17144889675416,48.38319953064319,170.01,339.85,272.2743860868832,15.070471213100134,125.12,297.3,279.6167558533125,11.309126586604378,127.92,298.46,40483.0,0.0,40483.0,40483.0,7.844089690830432,7.847268082731441,-9.96,23.2,7.871988791977415,7.8644310412135745,-9.96,23.2,104.7342491998171,5.054170743927862,94.94,115.34,104.71343642466888,5.09776997616581,94.94,115.35000000000001,23523.377,126.8626,23304.39,23742.36,0.44137307182377244,0.8430173669275105,-0.21601144383118775,8.835829526952915,0.7686504167985649,0.4216953326205512,0.0,1.0,0.10130962280223421,0.1871739851956243,-0.05400286095779694,0.9454195103979505,0.018689321316819715,0.040715286537960145,-0.037300501055415936,0.5512763342190841,0.9178188389523405,0.16795461227722547,0.030504227425202892,1.075604005340916,0.8534897789582273,0.2528805057181998,0.0004048775034628917,1.0590539001368262,0.8007224940858044,0.2998569109875551,-0.32270606531882035,1.7340590979782282,284.9806573160055,12.270499468786385,130.2104,303.86334000000005,
270.1486069270107,22.124614518077532,132.51,291.82,242.96648535564853,9.26444412028454,163.79,274.28000000000003,254.65455346350535,12.774574342819202,144.12,282.98,261.34552905625293,17.560979639954393,131.65,288.21,204.55808693630865,43.30210380508033,144.27,280.48,240.22543979544398,23.035867013328723,208.54,283.65000000000003,265.99150023245,8.863948025678473,245.66,285.5,217.44763133426318,38.69720167074462,158.9,280.62,247.27199628079967,19.011309803885354,219.0,282.34000000000003,266.2965669456067,11.641837318581025,174.46,288.89,273.5295516039052,10.52641477172139,175.65,287.65000000000003,SSMIS_F16_L1B_BRIGHTNESS_20101102_0041.nc,175.80155146253057,81.68008947180803,85.27000000000001,362.31,225.26214964954417,45.551395073970795,172.59,356.75,211.94978524979285,58.970786102463954,106.33000000000001,292.44,246.2198792117867,32.12331038188447,187.34,319.3,250.1928792539221,28.99195540252905,138.41,290.57,266.93233149341984,15.652660937927845,205.94,291.44,228.07849337771597,46.714590612681214,132.45,289.51,256.00707903200885,23.096691158324916,207.57,290.79,169.48952372257648,84.48273271220876,82.25,318.62,222.17144889675416,48.38319953064319,170.01,339.85,272.2743860868832,15.070471213100134,125.12,297.3,279.6167558533125,11.309126586604378,127.92,298.46,40483.0,0.0,40483.0,40483.0,7.844089690830432,7.847268082731441,-9.96,23.2,7.871988791977415,7.8644310412135745,-9.96,23.2,104.7342491998171,5.054170743927862,94.94,115.34,104.71343642466888,5.09776997616581,94.94,115.35000000000001,23523.377,126.8626,23304.39,23742.36,0.44137307182377244,0.8430173669275105,-0.21601144383118775,8.835829526952915,0.7686504167985649,0.4216953326205512,0.0,1.0,0.10130962280223421,0.1871739851956243,-0.05400286095779694,0.9454195103979505,0.018689321316819715,0.040715286537960145,-0.037300501055415936,0.5512763342190841,0.9178188389523405,0.16795461227722547,0.030504227425202892,1.075604005340916,0.8534897789582273,0.2528805057181998,0.0004048775034628917,1.0590539001368262,0.8007224940858044,0.2998569109875551,-0.32270606531882035,1.7340590979782282,284.9806573160055,12.270499468786385,130.2104,303.86334000000005,
270.1486069270107,22.124614518077532,132.51,291.82,242.96648535564853,9.26444412028454,163.79,274.28000000000003,254.65455346350535,12.774574342819202,144.12,282.98,261.34552905625293,17.560979639954393,131.65,288.21,204.55808693630865,43.30210380508033,144.27,280.48,240.22543979544398,23.035867013328723,208.54,283.65000000000003,265.99150023245,8.863948025678473,245.66,285.5,217.44763133426318,38.69720167074462,158.9,280.62,247.27199628079967,19.011309803885354,219.0,282.34000000000003,266.2965669456067,11.641837318581025,174.46,288.89,273.5295516039052,10.52641477172139,175.65,287.65000000000003,SSMIS_F16_L1B_BRIGHTNESS_20101102_0041.nc,175.80155146253057,81.68008947180803,85.27000000000001,362.31,225.26214964954417,45.551395073970795,172.59,356.75,211.94978524979285,58.970786102463954,106.33000000000001,292.44,246.2198792117867,32.12331038188447,187.34,319.3,250.1928792539221,28.99195540252905,138.41,290.57,266.93233149341984,15.652660937927845,205.94,291.44,228.07849337771597,46.714590612681214,132.45,289.51,256.00707903200885,23.096691158324916,207.57,290.79,169.48952372257648,84.48273271220876,82.25,318.62,222.17144889675416,48.38319953064319,170.01,339.85,272.2743860868832,15.070471213100134,125.12,297.3,279.6167558533125,11.309126586604378,127.92,298.46,40483.0,0.0,40483.0,40483.0,7.844089690830432,7.847268082731441,-9.96,23.2,7.871988791977415,7.8644310412135745,-9.96,23.2,104.7342491998171,5.054170743927862,94.94,115.34,104.71343642466888,5.09776997616581,94.94,115.35000000000001,23523.377,126.8626,23304.39,23742.36,0.44137307182377244,0.8430173669275105,-0.21601144383118775,8.835829526952915,0.7686504167985649,0.4216953326205512,0.0,1.0,0.10130962280223421,0.1871739851956243,-0.05400286095779694,0.9454195103979505,0.018689321316819715,0.040715286537960145,-0.037300501055415936,0.5512763342190841,0.9178188389523405,0.16795461227722547,0.030504227425202892,1.075604005340916,0.8534897789582273,0.2528805057181998,0.0004048775034628917,1.0590539001368262,0.8007224940858044,0.2998569109875551,-0.32270606531882035,1.7340590979782282,284.9806573160055,12.270499468786385,130.2104,303.86334000000005,
272.23141562064154,21.152459717954358,113.66,295.48,240.17667456996747,8.507655935567163,140.53,271.75,252.8786469084147,12.802143243989343,122.58,280.85,259.69583658763366,17.324795597533292,115.85000000000001,286.91,207.67045792654582,45.24231127374561,142.49,282.67,241.71510646211067,24.45995371380263,207.06,284.61,266.89919711761974,9.63847237470762,232.02,284.90000000000003,218.77485076708513,40.09367126995083,157.06,283.13,248.06844723384475,19.480997818121665,217.91,282.63,267.5363914458392,11.992643142357574,149.96,287.58,276.306509762901,10.39265639129498,151.20000000000002,289.69,SSMIS_F17_L1B_BRIGHTNESS_20101102_2319.nc,161.24517037474016,74.60550894501779,85.84,361.05,215.43468159217957,40.444440510830454,172.29,360.9,203.34805306254302,53.06024795422543,108.56,285.87,239.72624952597653,27.858397769333376,187.6,296.58,245.8321931487802,25.69076642681535,143.33,285.42,263.3161632888103,13.238131946360713,208.46,285.9,222.2420525569179,41.23849319870949,133.59,282.8,251.39174033343164,19.506564452232517,207.86,284.19,153.54064396971867,77.51856195794913,82.07,288.24,211.31366522001713,43.29585255222874,169.31,292.53000000000003,269.9090313768452,14.632234368866666,105.27,290.06,277.4141993567325,11.179141864055282,107.65,291.57,40483.0,0.0,40483.0,40483.0,8.797600752699518,7.841063575664549,-6.51,26.580000000000002,8.763624348656583,7.855661027056122,-6.51,26.490000000000002,103.04622412155746,5.094771004655722,93.53,114.43,103.06128864169442,5.141993704581406,93.53,114.46000000000001,67740.23,126.86273,67521.24,67959.21,0.5063326258653879,0.8385065054870176,-0.22748905990560087,9.292925005894972,0.7321796630438606,0.4428234457081506,0.0,1.0,0.11733910201594556,0.18598196628696728,-0.057245667881896445,0.9642340007270672,0.019545049483071886,0.04089252236152427,-0.03614845814500467,0.5555396521828829,0.907762622680056,0.1656207686849916,0.010005853709071161,1.063523073351577,0.8318552085941227,0.2529347710055563,0.008403055429167305,1.0723723567221717,0.7553535411016199,0.3110017255375204,-0.34650967199327243,2.7830109335576148,284.08063687307117,12.377303174547098,109.59684000000003,302.93880000000007,
272.23141562064154,21.152459717954358,113.66,295.48,240.17667456996747,8.507655935567163,140.53,271.75,252.8786469084147,12.802143243989343,122.58,280.85,259.69583658763366,17.324795597533292,115.85000000000001,286.91,207.67045792654582,45.24231127374561,142.49,282.67,241.71510646211067,24.45995371380263,207.06,284.61,266.89919711761974,9.63847237470762,232.02,284.90000000000003,218.77485076708513,40.09367126995083,157.06,283.13,248.06844723384475,19.480997818121665,217.91,282.63,267.5363914458392,11.992643142357574,149.96,287.58,276.306509762901,10.39265639129498,151.20000000000002,289.69,SSMIS_F17_L1B_BRIGHTNESS_20101102_2319.nc,161.24517037474016,74.60550894501779,85.84,361.05,215.43468159217957,40.444440510830454,172.29,360.9,203.34805306254302,53.06024795422543,108.56,285.87,239.72624952597653,27.858397769333376,187.6,296.58,245.8321931487802,25.69076642681535,143.33,285.42,263.3161632888103,13.238131946360713,208.46,285.9,222.2420525569179,41.23849319870949,133.59,282.8,251.39174033343164,19.506564452232517,207.86,284.19,153.54064396971867,77.51856195794913,82.07,288.24,211.31366522001713,43.29585255222874,169.31,292.53000000000003,269.9090313768452,14.632234368866666,105.27,290.06,277.4141993567325,11.179141864055282,107.65,291.57,40483.0,0.0,40483.0,40483.0,8.797600752699518,7.841063575664549,-6.51,26.580000000000002,8.763624348656583,7.855661027056122,-6.51,26.490000000000002,103.04622412155746,5.094771004655722,93.53,114.43,103.06128864169442,5.141993704581406,93.53,114.46000000000001,67740.23,126.86273,67521.24,67959.21,0.5063326258653879,0.8385065054870176,-0.22748905990560087,9.292925005894972,0.7321796630438606,0.4428234457081506,0.0,1.0,0.11733910201594556,0.18598196628696728,-0.057245667881896445,0.9642340007270672,0.019545049483071886,0.04089252236152427,-0.03614845814500467,0.5555396521828829,0.907762622680056,0.1656207686849916,0.010005853709071161,1.063523073351577,0.8318552085941227,0.2529347710055563,0.008403055429167305,1.0723723567221717,0.7553535411016199,0.3110017255375204,-0.34650967199327243,2.7830109335576148,284.08063687307117,12.377303174547098,109.59684000000003,302.93880000000007,
271.49859321245935,21.24152125183313,114.34,292.08,241.97593375174338,8.491697594039668,139.81,272.7,253.8171157601116,12.83947287935531,121.10000000000001,282.06,261.2883182240818,17.677338362074188,115.7,287.12,209.9606192468619,46.31293039883131,124.22,283.16,243.46471873547185,25.16979480244948,193.65,285.76,267.2518665736867,11.006518766967128,213.08,285.91,221.73013900511387,41.01578111052135,144.79,283.18,249.7216927010693,20.815752246185063,208.03,284.19,267.84384635053465,13.595517774870324,148.81,290.42,274.8636336587634,10.746585695654725,153.49,287.53000000000003,SSMIS_F16_L1B_BRIGHTNESS_20101103_0029.nc,135.52785912999494,68.58023983120559,84.88,366.26,202.78298891589284,38.31634139936877,175.08,357.7,182.6080666863299,51.80956282044631,118.78999999999999,296.75,230.2607523982078,28.211686045623857,196.52,304.83,235.39020674447676,27.340473002446064,170.69,290.54,259.04659601960697,14.562644583179912,224.93,291.92,205.44246506271156,42.83733990802097,143.89000000000001,289.39,244.77140325004567,21.001228677106855,215.89,291.31,127.61954732510289,70.06499426298464,81.58000000000001,314.24,198.2174860601975,40.48388457641675,171.5,304.55,267.8964537423278,13.24439422145499,136.42000000000002,296.72,278.32045077880304,9.60823693453476,136.91,299.21,40484.0,0.0,40484.0,40484.0,6.26352446273434,7.845886725308656,-11.540000000000001,21.61,6.29141869970084,7.86310384848199,-11.540000000000001,21.61,94.26193144806726,5.039285641566586,84.54,104.9,94.24113231927416,5.082743071874159,84.54,104.91,26092.535,126.862885,25873.553,26311.52,0.32345751364401104,0.6974462737156069,-0.2309058255727516,7.168973422977514,0.6382575357883999,0.4805047906085009,0.0,1.0,0.07464769471032912,0.15686128060352889,-0.05773393881853939,0.9295868468694595,0.014552570166442376,0.03419912816233276,-0.03194256516545657,0.45353084725659387,0.9429788800866604,0.13609357876653105,0.056642668577790274,1.0542245135851458,0.8947973872141284,0.215797012233609,0.01162121734713349,1.0800182184046447,0.8255833514998083,0.2797908435387698,-0.27934936350777884,1.5282885431400308,286.88110839417834,10.651166044488715,158.78564,308.66056000000003,
271.49859321245935,21.24152125183313,114.34,292.08,241.97593375174338,8.491697594039668,139.81,272.7,253.8171157601116,12.83947287935531,121.10000000000001,282.06,261.2883182240818,17.677338362074188,115.7,287.12,209.9606192468619,46.31293039883131,124.22,283.16,243.46471873547185,25.16979480244948,193.65,285.76,267.2518665736867,11.006518766967128,213.08,285.91,221.73013900511387,41.01578111052135,144.79,283.18,249.7216927010693,20.815752246185063,208.03,284.19,267.84384635053465,13.595517774870324,148.81,290.42,274.8636336587634,10.746585695654725,153.49,287.53000000000003,SSMIS_F16_L1B_BRIGHTNESS_20101103_0029.nc,135.52785912999494,68.58023983120559,84.88,366.26,202.78298891589284,38.31634139936877,175.08,357.7,182.6080666863299,51.80956282044631,118.78999999999999,296.75,230.2607523982078,28.211686045623857,196.52,304.83,235.39020674447676,27.340473002446064,170.69,290.54,259.04659601960697,14.562644583179912,224.93,291.92,205.44246506271156,42.83733990802097,143.89000000000001,289.39,244.77140325004567,21.001228677106855,215.89,291.31,127.61954732510289,70.06499426298464,81.58000000000001,314.24,198.2174860601975,40.48388457641675,171.5,304.55,267.8964537423278,13.24439422145499,136.42000000000002,296.72,278.32045077880304,9.60823693453476,136.91,299.21,40484.0,0.0,40484.0,40484.0,6.26352446273434,7.845886725308656,-11.540000000000001,21.61,6.29141869970084,7.86310384848199,-11.540000000000001,21.61,94.26193144806726,5.039285641566586,84.54,104.9,94.24113231927416,5.082743071874159,84.54,104.91,26092.535,126.862885,25873.553,26311.52,0.32345751364401104,0.6974462737156069,-0.2309058255727516,7.168973422977514,0.6382575357883999,0.4805047906085009,0.0,1.0,0.07464769471032912,0.15686128060352889,-0.05773393881853939,0.9295868468694595,0.014552570166442376,0.03419912816233276,-0.03194256516545657,0.45353084725659387,0.9429788800866604,0.13609357876653105,0.056642668577790274,1.0542245135851458,0.8947973872141284,0.215797012233609,0.01162121734713349,1.0800182184046447,0.8255833514998083,0.2797908435387698,-0.27934936350777884,1.5282885431400308,286.88110839417834,10.651166044488715,158.78564,308.66056000000003,
271.2290906555091,23.312279157099216,92.87,293.39,239.06640980939096,10.514733152492864,112.15,268.86,251.14103556485355,15.462309126790876,97.89,276.16,258.0181041376104,20.041262210374157,99.37,286.52,210.77224686192466,46.10808340882339,131.39000000000001,283.23,243.45551603905162,25.279698371144153,200.14000000000001,284.77,267.4582659228266,10.976502901726043,228.92000000000002,285.86,221.34848163644816,40.438316983131045,147.71,281.64,249.2400966992097,20.097600841200904,211.53,281.51,267.3580632264063,14.35341052863513,110.92,287.61,275.9902150162715,12.101878528244775,110.75,289.54,SSMIS_F17_L1B_BRIGHTNESS_20101103_2306.nc,140.17545218331716,69.52709499877355,86.06,279.41,203.9734338965435,37.50763577770881,174.71,280.92,185.08653281647216,51.034370938584374,115.59,284.13,230.12303810446775,26.509707737765446,196.08,285.02,235.19232924619726,25.187677179793226,164.95000000000002,284.26,258.0416158934816,12.449978859783656,222.35000000000002,285.86,205.58671722917455,41.11063545615742,139.0,282.22,243.6060239610107,19.074847746067842,208.15,283.01,133.10028981638874,72.37318537395052,82.02000000000001,344.64,199.66486961164506,40.21660575720558,171.23,347.01,266.9088081293276,12.773135000212198,97.61,290.53000000000003,277.56302672790355,10.349078168631083,97.5,294.14,40484.0,0.0,40484.0,40484.0,10.28680897611762,7.837787389190687,-5.0200000000000005,28.07,10.252722510147613,7.852378689667934,-5.0200000000000005,27.98,92.5583510252893,5.121367113634344,83.03,104.08,92.57355299933988,5.168823483960563,83.03,104.10000000000001,70310.89,126.86317,70091.91,70529.875,0.3195812743308328,0.7543667988082257,-0.17098687393929168,9.726747210972674,0.6551510674967466,0.47531899420770046,0.0,1.0,0.07133148778013408,0.15903204656941491,-0.04274671848482292,0.9690857565143529,0.01463486081263824,0.04109427077010334,-0.03444862736545895,0.5894535046425113,0.9429441878972872,0.14349298411198502,-0.004985248211690932,1.0700413716315682,0.9017352975730745,0.2105685061375772,0.013306681113831003,1.0563296119004026,0.8440952169183545,0.27277429036542383,-0.28021248339973615,1.3127490039840624,287.08992465936444,12.97420569150818,97.41002,305.6528,
271.2290906555091,23.312279157099216,92.87,293.39,239.06640980939096,10.514733152492864,112.15,268.86,251.14103556485355,15.462309126790876,97.89,276.16,258.0181041376104,20.041262210374157,99.37,286.52,210.77224686192466,46.10808340882339,131.39000000000001,283.23,243.45551603905162,25.279698371144153,200.14000000000001,284.77,267.4582659228266,10.976502901726043,228.92000000000002,285.86,221.34848163644816,40.438316983131045,147.71,281.64,249.2400966992097,20.097600841200904,211.53,281.51,267.3580632264063,14.35341052863513,110.92,287.61,275.9902150162715,12.101878528244775,110.75,289.54,SSMIS_F17_L1B_BRIGHTNESS_20101103_2306.nc,140.17545218331716,69.52709499877355,86.06,279.41,203.9734338965435,37.50763577770881,174.71,280.92,185.08653281647216,51.034370938584374,115.59,284.13,230.12303810446775,26.509707737765446,196.08,285.02,235.19232924619726,25.187677179793226,164.95000000000002,284.26,258.0416158934816,12.449978859783656,222.35000000000002,285.86,205.58671722917455,41.11063545615742,139.0,282.22,243.6060239610107,19.074847746067842,208.15,283.01,133.10028981638874,72.37318537395052,82.02000000000001,344.64,199.66486961164506,40.21660575720558,171.23,347.01,266.9088081293276,12.773135000212198,97.61,290.53000000000003,277.56302672790355,10.349078168631083,97.5,294.14,40484.0,0.0,40484.0,40484.0,10.28680897611762,7.837787389190687,-5.0200000000000005,28.07,10.252722510147613,7.852378689667934,-5.0200000000000005,27.98,92.5583510252893,5.121367113634344,83.03,104.08,92.57355299933988,5.168823483960563,83.03,104.10000000000001,70310.89,126.86317,70091.91,70529.875,0.3195812743308328,0.7543667988082257,-0.17098687393929168,9.726747210972674,0.6551510674967466,0.47531899420770046,0.0,1.0,0.07133148778013408,0.15903204656941491,-0.04274671848482292,0.9690857565143529,0.01463486081263824,0.04109427077010334,-0.03444862736545895,0.5894535046425113,0.9429441878972872,0.14349298411198502,-0.004985248211690932,1.0700413716315682,0.9017352975730745,0.2105685061375772,0.013306681113831003,1.0563296119004026,0.8440952169183545,0.27277429036542383,-0.28021248339973615,1.3127490039840624,287.08992465936444,12.97420569150818,97.41002,305.6528,
275.75102258064516,24.77323807024013,81.49,297.24,241.78253870967743,12.646211436707302,103.77,267.09000000000003,256.2294863799283,18.465376922993947,87.39,280.3,263.0556982078853,22.416228283756723,88.45,288.74,205.21168673835123,45.30862007045639,135.5,281.98,241.31859713261647,25.959175964363908,204.88,288.22,267.65061146953406,11.613337041479863,237.19,289.63,217.5676200716846,41.24036833405798,147.76,283.39,247.87445878136202,21.33770269882292,208.17000000000002,285.96,268.3174892473118,14.901527046213223,96.27,290.81,278.0096541218638,12.998838719516277,94.88,293.22,SSMIS_F17_L1B_BRIGHTNESS_20101106_1131.nc,136.42973244006237,68.02059694957534,86.36000000000001,290.81,203.57034944311016,39.836334549582936,175.6,301.65,184.3482796106687,50.2210563236117,122.66,289.64,231.1075680838214,28.733405940546813,198.31,296.48,236.78958468517817,25.324049918989786,176.45000000000002,291.25,259.8288495624939,14.560239781896541,228.45,295.89,207.0717835924662,41.368584247265375,147.19,291.64,245.26869127375386,21.53439269032288,200.96,296.75,127.48231306965232,70.19102801403935,82.14000000000001,356.47,198.26733674920118,42.050862455717876,171.69,367.59000000000003,268.734603084313,13.719601475392015,81.02,300.8,278.78096251351843,11.474386508767871,85.31,303.1,40487.0,0.0,40487.0,40487.0,8.90549252576413,7.848011703250283,-8.9,24.27,8.93330257447436,7.865172274811632,-8.9,24.27,85.96355960043616,5.066527012258408,76.12,96.55,85.94270102108176,5.110295217818273,76.12,96.56,27989.434,126.86286,27770.451,28208.418,0.36951130274744015,0.7960482197539933,-0.1654777463770003,10.048655058368507,0.61535999437234,0.4865100941382549,0.0,1.0,0.08347436496365292,0.17182403245207606,-0.041369436594250075,0.9527462029793302,0.016134996090215434,0.041449984056907495,-0.03613186933761736,0.5958860976945659,0.9339193446519172,0.15265798845523162,0.005970601159537012,1.060844409592295,0.8822173973550979,0.2299044435474867,0.0014268299379673205,1.060750345687179,0.8354377147682991,0.28148268311037616,-0.2868791697553745,2.198665678280208,285.504696229838,12.598346053037439,88.81922000000002,305.2772000000001,
275.75102258064516,24.77323807024013,81.49,297.24,241.78253870967743,12.646211436707302,103.77,267.09000000000003,256.2294863799283,18.465376922993947,87.39,280.3,263.0556982078853,22.416228283756723,88.45,288.74,205.21168673835123,45.30862007045639,135.5,281.98,241.31859713261647,25.959175964363908,204.88,288.22,267.65061146953406,11.613337041479863,237.19,289.63,217.5676200716846,41.24036833405798,147.76,283.39,247.87445878136202,21.33770269882292,208.17000000000002,285.96,268.3174892473118,14.901527046213223,96.27,290.81,278.0096541218638,12.998838719516277,94.88,293.22,SSMIS_F17_L1B_BRIGHTNESS_20101106_1131.nc,136.42973244006237,68.02059694957534,86.36000000000001,290.81,203.57034944311016,39.836334549582936,175.6,301.65,184.3482796106687,50.2210563236117,122.66,289.64,231.1075680838214,28.733405940546813,198.31,296.48,236.78958468517817,25.324049918989786,176.45000000000002,291.25,259.8288495624939,14.560239781896541,228.45,295.89,207.0717835924662,41.368584247265375,147.19,291.64,245.26869127375386,21.53439269032288,200.96,296.75,127.48231306965232,70.19102801403935,82.14000000000001,356.47,198.26733674920118,42.050862455717876,171.69,367.59000000000003,268.734603084313,13.719601475392015,81.02,300.8,278.78096251351843,11.474386508767871,85.31,303.1,40487.0,0.0,40487.0,40487.0,8.90549252576413,7.848011703250283,-8.9,24.27,8.93330257447436,7.865172274811632,-8.9,24.27,85.96355960043616,5.066527012258408,76.12,96.55,85.94270102108176,5.110295217818273,76.12,96.56,27989.434,126.86286,27770.451,28208.418,0.36951130274744015,0.7960482197539933,-0.1654777463770003,10.048655058368507,0.61535999437234,0.4865100941382549,0.0,1.0,0.08347436496365292,0.17182403245207606,-0.041369436594250075,0.9527462029793302,0.016134996090215434,0.041449984056907495,-0.03613186933761736,0.5958860976945659,0.9339193446519172,0.15265798845523162,0.005970601159537012,1.060844409592295,0.8822173973550979,0.2299044435474867,0.0014268299379673205,1.060750345687179,0.8354377147682991,0.28148268311037616,-0.2868791697553745,2.198665678280208,285.504696229838,12.598346053037439,88.81922000000002,305.2772000000001,
275.75102258064516,24.77323807024013,81.49,297.24,241.78253870967743,12.646211436707302,103.77,267.09000000000003,256.2294863799283,18.465376922993947,87.39,280.3,263.0556982078853,22.416228283756723,88.45,288.74,205.21168673835123,45.30862007045639,135.5,281.98,241.31859713261647,25.959175964363908,204.88,288.22,267.65061146953406,11.613337041479863,237.19,289.63,217.5676200716846,41.24036833405798,147.76,283.39,247.87445878136202,21.33770269882292,208.17000000000002,285.96,268.3174892473118,14.901527046213223,96.27,290.81,278.0096541218638,12.998838719516277,94.88,293.22,SSMIS_F17_L1B_BRIGHTNESS_20101106_1131.nc,136.42973244006237,68.02059694957534,86.36000000000001,290.81,203.57034944311016,39.836334549582936,175.6,301.65,184.3482796106687,50.2210563236117,122.66,289.64,231.1075680838214,28.733405940546813,198.31,296.48,236.78958468517817,25.324049918989786,176.45000000000002,291.25,259.8288495624939,14.560239781896541,228.45,295.89,207.0717835924662,41.368584247265375,147.19,291.64,245.26869127375386,21.53439269032288,200.96,296.75,127.48231306965232,70.19102801403935,82.14000000000001,356.47,198.26733674920118,42.050862455717876,171.69,367.59000000000003,268.734603084313,13.719601475392015,81.02,300.8,278.78096251351843,11.474386508767871,85.31,303.1,40487.0,0.0,40487.0,40487.0,8.90549252576413,7.848011703250283,-8.9,24.27,8.93330257447436,7.865172274811632,-8.9,24.27,85.96355960043616,5.066527012258408,76.12,96.55,85.94270102108176,5.110295217818273,76.12,96.56,27989.434,126.86286,27770.451,28208.418,0.36951130274744015,0.7960482197539933,-0.1654777463770003,10.048655058368507,0.61535999437234,0.4865100941382549,0.0,1.0,0.08347436496365292,0.17182403245207606,-0.041369436594250075,0.9527462029793302,0.016134996090215434,0.041449984056907495,-0.03613186933761736,0.5958860976945659,0.9339193446519172,0.15265798845523162,0.005970601159537012,1.060844409592295,0.8822173973550979,0.2299044435474867,0.0014268299379673205,1.060750345687179,0.8354377147682991,0.28148268311037616,-0.2868791697553745,2.198665678280208,285.504696229838,12.598346053037439,88.81922000000002,305.2772000000001,
276.53492026964204,20.790401379301734,82.84,295.34000000000003,240.04044676894466,10.84297642186417,100.8,265.54,254.71936820083684,15.956121427802403,88.61,277.62,263.4125306834031,19.640796484142015,88.21000000000001,290.27,211.79724128312412,47.31822480152965,143.02,279.32,244.29166759646674,26.22729038028758,208.43,283.23,267.7904560669456,9.851834602317808,241.24,285.56,221.15863737796377,41.464079792666396,157.57,278.99,249.33164063226405,20.707316930459353,220.71,281.18,269.405729195723,11.792066397042257,87.87,288.36,278.0857368665737,10.573451262158603,88.9,289.86,SSMIS_F17_L1B_BRIGHTNESS_20101107_0008.nc,159.18629447042795,76.41217214807175,83.5,275.32,214.75671891459152,42.13926780210382,175.42000000000002,281.18,200.27739125549516,53.8182983809865,123.19,284.79,238.3797053329401,28.74901856128596,200.55,290.02,243.56377196308938,24.645471306724556,180.91,284.75,262.571044396691,12.662044508434038,230.14,286.71000000000004,218.16943693029395,42.330252182996425,147.93,283.46000000000004,249.61560625851487,20.38847547089329,202.66000000000003,286.44,152.21967321732527,80.92065030603042,79.44999999999999,345.77,211.29946718374575,46.29614197670452,171.93,364.05,269.82426192783606,13.685622058048232,86.91,291.07,278.32456460062645,11.741804612149874,88.65,293.91,40487.0,0.0,40487.0,40487.0,13.420178924413491,7.8299524949576575,-1.86,31.2,13.38590654363123,7.8443771461221345,-1.86,31.12,85.53051264464844,5.190828497005319,75.96000000000001,97.38,85.54579797469066,5.238834097902695,75.96000000000001,97.41,72111.8,126.86302,71892.805,72330.77,0.38829636507090665,0.8413389651085499,-0.136367925910581,10.328794409126036,0.694312546164398,0.46069798610706847,0.0,1.0,0.08718910617989935,0.1771406298093182,-0.03409198147764525,0.9955150336035999,0.0150478336897848,0.04438552031529317,-0.032034925550394,0.6258513454608048,0.9293798292013516,0.15922723264697192,-0.02098164463619223,1.0504799356661427,0.881902074309825,0.2309400836010103,-0.010317859425258594,1.073815697905739,0.8288691113873868,0.28655293609719906,-0.3122619954303084,1.3640517897943605,285.45557809402186,14.349084863210543,88.69908000000002,309.42134,
278.51798028673835,13.50264098618348,119.59,291.72,240.7038422939068,8.104879439879745,129.19,270.58,255.1110340501792,10.27017387495361,114.28,284.5,264.7510716845878,12.744984595055213,108.85000000000001,292.7,205.91327025089606,55.82698240394647,122.95,284.04,242.66027526881723,31.53366643819488,196.59,287.92,266.2543218637993,15.51317551184406,222.26,289.26,216.83328172043014,50.21910116155046,138.91,286.61,248.25348817204303,25.93805554218277,209.76,285.73,266.97418279569894,16.43368867341153,168.63,288.87,277.6260655913979,8.165163326673468,174.16,290.33,SSMIS_F18_L1B_BRIGHTNESS_20101107_1453.nc,136.65212531074877,72.88138012117707,83.94,284.54,204.54017247433254,42.984554721582654,174.3,316.54,178.8613039508982,55.44417797213508,110.06,292.03000000000003,228.89303978988468,31.77051507361038,191.27,303.04,230.02346282953414,30.641306373187756,152.47,292.73,256.8099689602382,17.40124475156293,214.95,300.86,199.68973384457647,45.93334291058812,131.19,294.62,242.52691287798984,24.06258207892229,184.49,302.55,130.13950695322376,74.36238825222922,80.11000000000001,346.95,200.30601904521131,44.64136222211164,171.21,340.65000000000003,266.3998648857428,16.50673344292403,70.23,302.08,279.54566812736135,10.692867595676763,68.67,305.21,40488.0,0.0,40488.0,40488.0,9.318511519116457,7.848311055144935,-8.49,24.68,9.34627649264737,7.8654923607923735,-8.49,24.68,75.05824997362033,5.071899725641749,65.19,85.64,75.0373787553196,5.115683266983543,65.19,85.65,30591.588,126.86303,30372.605,30810.574,0.12438900575134133,0.386603815438234,-0.24266483878786893,7.485741660618241,0.6363968907178784,0.4810362649556634,0.0,1.0,0.02954379617956403,0.08873880818671613,-0.06066620969696723,0.8995658689766312,0.003479758528185561,0.018250233528249456,-0.03127965903888219,0.4999885730451106,0.9786892745618602,0.07038808897166057,0.12193612752262435,1.0663377492062607,0.9569839999090582,0.1267367010133371,-0.003408452609049898,1.0673671268248375,0.9168273185191941,0.22259977171918344,-0.2843571880937304,2.0341988600379963,290.86920637102236,7.351236783722666,67.39392000000001,308.40276,
278.51798028673835,13.50264098618348,119.59,291.72,240.7038422939068,8.104879439879745,129.19,270.58,255.1110340501792,10.27017387495361,114.28,284.5,264.7510716845878,12.744984595055213,108.85000000000001,292.7,205.91327025089606,55.82698240394647,122.95,284.04,242.66027526881723,31.53366643819488,196.59,287.92,266.2543218637993,15.51317551184406,222.26,289.26,216.83328172043014,50.21910116155046,138.91,286.61,248.25348817204303,25.93805554218277,209.76,285.73,266.97418279569894,16.43368867341153,168.63,288.87,277.6260655913979,8.165163326673468,174.16,290.33,SSMIS_F18_L1B_BRIGHTNESS_20101107_1453.nc,136.65212531074877,72.88138012117707,83.94,284.54,204.54017247433254,42.984554721582654,174.3,316.54,178.8613039508982,55.44417797213508,110.06,292.03000000000003,228.89303978988468,31.77051507361038,191.27,303.04,230.02346282953414,30.641306373187756,152.47,292.73,256.8099689602382,17.40124475156293,214.95,300.86,199.68973384457647,45.93334291058812,131.19,294.62,242.52691287798984,24.06258207892229,184.49,302.55,130.13950695322376,74.36238825222922,80.11000000000001,346.95,200.30601904521131,44.64136222211164,171.21,340.65000000000003,266.3998648857428,16.50673344292403,70.23,302.08,279.54566812736135,10.692867595676763,68.67,305.21,40488.0,0.0,40488.0,40488.0,9.318511519116457,7.848311055144935,-8.49,24.68,9.34627649264737,7.8654923607923735,-8.49,24.68,75.05824997362033,5.071899725641749,65.19,85.64,75.0373787553196,5.115683266983543,65.19,85.65,30591.588,126.86303,30372.605,30810.574,0.12438900575134133,0.386603815438234,-0.24266483878786893,7.485741660618241,0.6363968907178784,0.4810362649556634,0.0,1.0,0.02954379617956403,0.08873880818671613,-0.06066620969696723,0.8995658689766312,0.003479758528185561,0.018250233528249456,-0.03127965903888219,0.4999885730451106,0.9786892745618602,0.07038808897166057,0.12193612752262435,1.0663377492062607,0.9569839999090582,0.1267367010133371,-0.003408452609049898,1.0673671268248375,0.9168273185191941,0.22259977171918344,-0.2843571880937304,2.0341988600379963,290.86920637102236,7.351236783722666,67.39392000000001,308.40276,
278.51798028673835,13.50264098618348,119.59,291.72,240.7038422939068,8.104879439879745,129.19,270.58,255.1110340501792,10.27017387495361,114.28,284.5,264.7510716845878,12.744984595055213,108.85000000000001,292.7,205.91327025089606,55.82698240394647,122.95,284.04,242.66027526881723,31.53366643819488,196.59,287.92,266.2543218637993,15.51317551184406,222.26,289.26,216.83328172043014,50.21910116155046,138.91,286.61,248.25348817204303,25.93805554218277,209.76,285.73,266.97418279569894,16.43368867341153,168.63,288.87,277.6260655913979,8.165163326673468,174.16,290.33,SSMIS_F18_L1B_BRIGHTNESS_20101107_1453.nc,180.7378675262293,81.42532773744674,85.69999999999999,278.13,228.42146420595796,46.297063500313286,173.51,289.88,209.18683492745686,62.010905186807754,107.30000000000001,282.89,244.66942836275788,34.25812651785821,188.45000000000002,298.31,241.79725094453576,34.60437685652149,136.26,285.15,262.6233176027754,18.845524527060867,205.75,290.23,222.11654573800195,50.19683129787524,130.76,284.58,252.87707355440384,25.118890741270405,203.06,288.45,176.87030617263136,83.59178606876837,81.72999999999999,347.33,225.9799124081354,48.92672736482402,170.79,346.14,267.89697264006514,18.324357001295187,124.82000000000001,292.97,279.13850608856865,10.549227500507202,127.83,295.23,40488.0,0.0,40488.0,40488.0,16.796760789279308,7.820515178045139,1.54,34.58,16.762195396002753,7.8348014785694176,1.54,34.49,75.48035584397313,5.287687783050813,65.82000000000001,87.76,75.4957832272925,5.336508237753238,65.83,87.78,74650.945,126.86228,74431.97,74869.94,0.11320494333309371,0.32574298014158326,-0.19630613690571497,4.899599832447217,0.7866941015089163,0.4096419072311757,0.0,1.0,0.027426569520103108,0.07681890329674768,-0.0495097128835722,0.7017288223411672,0.002545670388546329,0.013707292004203668,-0.031156672659127915,0.41793724395562604,0.9793002453096761,0.06072982205583665,0.3603319500809707,1.0492956021402577,0.9599409940086887,0.11217275872471667,0.06765878425305288,1.0614809951626851,0.9258465283512971,0.21025255734039303,-0.19661016949152657,1.58587570621469,292.2806531770138,5.212435006053047,170.24090000000004,304.13702,
278.1605062597809,16.182249873133635,104.39,295.57,245.0118229003652,8.956467459063639,130.71,270.54,259.3010109546166,12.353249452887423,112.96000000000001,284.11,267.38246974439227,14.988097074980976,110.75,293.36,213.53909702660405,58.538303806249424,108.14,285.43,248.50537141366723,34.83990880499251,188.24,296.07,267.36346739697444,20.611877235788334,204.99,296.21,222.6550297339593,51.9939112511267,128.66,287.89,252.81488315075643,28.11512099613751,204.36,293.68,266.2207378716745,21.102709434030274,121.21000000000001,290.8,278.93647730829423,11.6039838517532,121.23,296.17,SSMIS_F17_L1B_BRIGHTNESS_20101109_1236.nc,180.207682130367,85.66105568163499,85.64000000000001,287.83,231.23265649798452,50.97572740356052,174.04,310.01,213.56458124411859,62.45320579419413,101.78,303.99,250.0168239722468,36.49471086301523,188.20000000000002,319.56,250.62304021123893,31.30818581825765,129.76,294.01,269.4241701428391,18.391995831286376,204.02,301.25,228.55031306619475,50.380852788257194,125.94999999999999,295.93,259.06186070029077,27.03621754327146,201.85000000000002,304.68,174.59045729429508,88.26747894471539,81.25,350.67,228.3590032923432,53.80230939580613,170.96,356.01,276.8272213795138,14.24349013705738,71.7,300.1,285.13531966741107,9.717585718636029,72.97,306.38,40490.0,0.0,40490.0,40490.0,16.709823537687733,7.849359628766746,-1.11,32.1,16.73697369345075,7.866724180435856,-1.12,32.1,76.49975245330802,5.222978329810138,66.14,87.10000000000001,76.47825222264358,5.268275388918596,66.14,87.10000000000001,29971.83,126.86281,29752.846,30190.814,0.16154840115610744,0.46029798770246944,-0.18880074373867295,6.966190315711836,0.7660616932221871,0.4233334092647813,0.0,1.0,0.03740626436110752,0.10066411468485825,-0.04720018593466824,0.8702300008927853,0.006156557683109002,0.02501315723705288,-0.031905213504772156,0.48350503853443416,0.972686304847645,0.08555698202123442,0.13754232964550847,1.0664366817742392,0.9457869602503618,0.14146038748278328,0.039244375851842685,1.0944601795700213,0.8980359665130774,0.22754563761640584,-0.2621641249092232,1.6325344952795902,290.7445721532194,8.505399916383634,113.25288000000003,305.85850000000005,
270.38175499767556,22.840364873244674,106.96000000000001,293.46,247.48115016271507,7.854628353173657,135.66,269.43,260.77848210134823,13.071418546553478,121.78,282.99,266.40014179451424,18.026732617278046,116.51,291.02,214.94248953974898,52.67089274598008,111.56,281.38,246.79038168293823,30.367507070543603,189.85,290.91,262.09654951185496,19.060130577322457,206.11,291.32,221.89573175267316,46.371342072035205,130.18,282.74,249.46695397489543,24.63020002495683,186.91,287.98,257.9654039981404,23.349861312974824,138.35,288.91,270.5830843793584,18.752969477819317,142.15,291.23,SSMIS_F17_L1B_BRIGHTNESS_20101110_0109.nc,204.15775151336396,73.96277735875275,85.08000000000001,276.27,240.1633681652832,41.09162348671431,174.49,288.63,227.97085675360609,52.5765083692074,93.71000000000001,284.04,253.27722355651062,28.677496026699938,177.71,291.98,251.97253163668026,26.971037578215512,102.82,285.54,266.1945357378615,16.72851820562843,186.97,289.94,236.20761710136378,41.9336140947052,106.61000000000001,283.79,257.7053638393798,22.134317387741863,185.39000000000001,287.82,201.46445642192114,77.84239546070476,80.07,350.96000000000004,239.56830001127966,44.417275711770834,171.04,345.96000000000004,267.52770207446736,24.744277931361765,128.81,291.87,274.45989718956724,22.320367952242552,129.94,294.62,40490.0,0.0,40490.0,40490.0,21.041185079666562,7.806837745987451,5.82,38.83,21.006237447155158,7.82091979160655,5.82,38.74,79.56381910590552,5.445342350865256,69.75,92.49,79.57953510583015,5.495478494231431,69.75,92.52,73837.7,126.862724,73618.73,74056.695,0.26966119107729375,0.6238810884840411,-0.1295087316036092,8.591186281721193,0.8614540466392319,0.3454721004193016,0.0,1.0,0.061532525455863206,0.13258868096954188,-0.0323771829009023,0.8698114398176265,0.010227737485449861,0.03467962113768282,-0.03134974169199145,0.5539705317324607,0.9506540785276908,0.1135255035917167,0.13549170908450775,1.0418179756782915,0.9144746045709071,0.18272498996716183,0.02989161661122966,1.037195943753995,0.8755898734455518,0.252076025084497,-0.19282814614343438,1.4154262516914733,290.33109264940344,10.820845289246002,130.80708,306.14974000000007,
270.0356363425926,25.335819303604197,105.62,293.33,246.34987847222223,7.848519040625711,135.26,269.12,257.51192523148154,11.819906574898004,115.86,284.42,262.08805625,18.317057615559968,106.98,291.82,235.05203240740744,46.787591504337215,142.83,286.23,258.0440472222222,26.852849171535816,208.69,291.2,270.78592824074076,15.320779702243142,222.36,291.63,239.7162462962963,42.06759352818154,156.17000000000002,287.41,259.6590337962962,23.185332325088286,204.36,289.88,266.577362962963,23.43881082901697,141.03,290.89,272.8349863425926,20.951921317909022,146.04,291.5,SSMIS_F18_L1B_BRIGHTNESS_20101110_0305.nc,142.82125057936207,74.48279330240283,80.49000000000001,282.0,212.34748451523197,48.713919266129174,173.48,306.1,179.66586412730516,58.38650685621363,96.25999999999999,289.87,233.50857863172234,37.351859517954054,185.35,309.44,224.9532604390511,36.01755695785754,119.39000000000001,291.5,257.46679939324986,22.90270667515123,201.02,307.0,199.7567034649363,49.32089221039575,119.84,294.7,246.33566243907921,28.646160400310045,204.77,306.92,137.36254540091858,75.60816646730844,79.58000000000001,314.35,209.1536994901614,50.95148691515089,170.99,311.41,262.6239666287448,20.735393328182973,100.69,302.29,280.72645999241564,11.39930986217614,103.18,312.65000000000003,40491.0,0.0,40491.0,40491.0,18.2084438113327,7.8488187164376155,0.38,33.6,18.235381957611764,7.8662381693326395,0.37,33.6,65.34023590447048,5.266799105793458,54.85,75.97,65.31859871627411,5.312500901202498,54.85,75.97,32591.994,126.862854,32373.01,32810.977,0.12000889923008531,0.43674080306537777,-0.5469611764308936,5.57401058024862,0.6675952305581935,0.4710751943099381,0.0,1.0,0.027606073111793555,0.09742064763073781,-0.14326252456688704,0.9010316844817011,0.005539304877868148,0.022400621537244925,-0.03807078337098946,0.4390574828022531,0.979976080297285,0.08196491161540997,0.09250775960811836,1.1094662245461033,0.9639332293460492,0.1296065529260245,0.025208714733726795,1.1032541508110807,0.9179812823252645,0.22071394598700061,-0.18963782696176976,2.5719315895372237,293.03553744101407,7.689617607184269,139.4755,314.83419999999995,
